timestamp,ofi_lvl_0,ofi_lvl_1,ofi_lvl_2,ofi_lvl_3,ofi_lvl_4,ofi_lvl_5,ofi_lvl_6,ofi_lvl_7,ofi_lvl_8,ofi_lvl_9,symbol,integrated_ofi,best_ofi,cross_asset_ofi
2024-10-21 11:54:29+00:00,5.0,400.0,10.0,0.0,0.0,0.0,0.0,0.0,0.0,0.0,AAPL,-64.69311075765155,5.0,0.0
2024-10-21 11:54:36+00:00,0.0,0.0,0.0,0.0,0.0,0.0,200.0,200.0,44.0,155.0,AAPL,-105.3332186279739,0.0,0.0
2024-10-21 11:54:37+00:00,200.0,0.0,0.0,0.0,0.0,0.0,0.0,0.0,0.0,0.0,AAPL,34.28292746499954,200.0,0.0
2024-10-21 11:54:39+00:00,0.0,0.0,0.0,0.0,0.0,0.0,0.0,0.0,0.0,0.0,AAPL,41.863861093851924,0.0,0.0
2024-10-21 11:54:41+00:00,0.0,139.0,400.0,10.0,28.0,15.0,110.0,10.0,110.0,100.0,AAPL,-220.29507330901336,0.0,0.0
2024-10-21 11:54:50+00:00,0.0,0.0,0.0,-29.0,-29.0,-25.0,-200.0,-200.0,-44.0,-155.0,AAPL,225.9920357445405,0.0,0.0
2024-10-21 11:54:53+00:00,0.0,-139.0,-400.0,-10.0,-28.0,-15.0,-110.0,-10.0,-110.0,-100.0,AAPL,304.02279549671715,0.0,0.0
2024-10-21 11:54:55+00:00,0.0,400.0,0.0,-1.0,0.0,0.0,0.0,0.0,0.0,0.0,AAPL,-60.90437468509093,0.0,0.0
2024-10-21 11:54:58+00:00,0.0,-200.0,0.0,0.0,0.0,-200.0,-200.0,-44.0,-155.0,-400.0,AAPL,356.99290935061737,0.0,0.0
2024-10-21 11:55:09+00:00,0.0,0.0,-27.0,29.0,0.0,0.0,0.0,0.0,0.0,0.0,AAPL,35.529744012646,0.0,0.0
2024-10-21 11:55:13+00:00,0.0,400.0,0.0,0.0,0.0,0.0,0.0,0.0,0.0,0.0,AAPL,-61.4107466553487,0.0,0.0
2024-10-21 11:55:22+00:00,0.0,400.0,0.0,0.0,0.0,0.0,0.0,0.0,0.0,0.0,AAPL,-61.4107466553487,0.0,0.0
2024-10-21 11:55:26+00:00,200.0,0.0,0.0,0.0,0.0,0.0,0.0,0.0,0.0,0.0,AAPL,34.28292746499956,200.0,0.0
2024-10-21 11:55:30+00:00,0.0,400.0,57.0,-27.0,12.0,-85.0,190.0,-66.0,55.0,345.0,AAPL,-153.98094709409807,0.0,0.0
2024-10-21 11:55:31+00:00,0.0,0.0,27.0,10.0,15.0,110.0,10.0,110.0,100.0,55.0,AAPL,-89.07363559515198,0.0,0.0
2024-10-21 11:55:34+00:00,-139.0,0.0,0.0,0.0,0.0,0.0,0.0,0.0,0.0,0.0,AAPL,47.13260996590435,-139.0,0.0
2024-10-21 11:55:35+00:00,-405.0,-427.0,163.0,-10.0,-15.0,-110.0,-10.0,-110.0,-100.0,-55.0,AAPL,239.63441768350722,-405.0,0.0
2024-10-21 11:55:38+00:00,-200.0,0.0,200.0,0.0,0.0,0.0,0.0,0.0,0.0,0.0,AAPL,-12.412020508923561,-200.0,0.0
2024-10-21 11:55:44+00:00,29.0,0.0,0.0,0.0,0.0,0.0,0.0,0.0,0.0,0.0,AAPL,40.764625717668345,29.0,0.0
2024-10-21 11:55:51+00:00,0.0,0.0,0.0,0.0,0.0,0.0,0.0,0.0,0.0,0.0,AAPL,41.86386109385194,0.0,0.0
2024-10-21 11:55:53+00:00,0.0,0.0,0.0,0.0,-27.0,-25.0,0.0,0.0,0.0,0.0,AAPL,63.254790029739866,0.0,0.0
2024-10-21 11:55:54+00:00,-201.0,-1.0,200.0,0.0,0.0,0.0,0.0,0.0,0.0,0.0,AAPL,-12.115929321406295,-201.0,0.0
2024-10-21 11:55:55+00:00,-200.0,-200.0,392.0,-150.0,-25.0,-26.0,-200.0,-44.0,-155.0,-400.0,AAPL,261.47304822680024,-200.0,0.0
2024-10-21 11:55:58+00:00,0.0,0.0,200.0,0.0,0.0,0.0,0.0,0.0,0.0,0.0,AAPL,-19.992954137775943,0.0,0.0
2024-10-21 11:56:07+00:00,0.0,0.0,0.0,0.0,0.0,0.0,0.0,2.0,0.0,0.0,AAPL,41.342857994459614,0.0,0.0
2024-10-21 11:56:10+00:00,200.0,-200.0,0.0,0.0,0.0,0.0,0.0,0.0,0.0,0.0,AAPL,85.92023133959987,200.0,0.0
2024-10-21 11:56:11+00:00,-2.0,0.0,200.0,0.0,0.0,0.0,0.0,0.0,0.0,0.0,AAPL,-19.917144801487403,-2.0,0.0
2024-10-21 11:56:14+00:00,0.0,200.0,-200.0,0.0,0.0,0.0,0.0,0.0,0.0,0.0,AAPL,52.08337245087951,0.0,0.0
2024-10-21 11:56:15+00:00,0.0,-200.0,200.0,0.0,2.0,0.0,0.0,0.0,0.0,0.0,AAPL,30.788970881325277,0.0,0.0
2024-10-21 11:56:17+00:00,0.0,0.0,0.0,0.0,2.0,0.0,0.0,0.0,0.0,0.0,AAPL,41.00848223835283,0.0,0.0
2024-10-21 11:56:23+00:00,1.0,200.0,400.0,0.0,0.0,0.0,0.0,0.0,0.0,0.0,AAPL,-133.52497791214842,1.0,0.0
2024-10-21 11:56:24+00:00,0.0,0.0,200.0,0.0,0.0,0.0,0.0,0.0,0.0,0.0,AAPL,-19.992954137775943,0.0,0.0
2024-10-21 11:56:25+00:00,0.0,-200.0,200.0,0.0,0.0,0.0,0.0,0.0,0.0,0.0,AAPL,31.644349736824374,0.0,0.0
2024-10-21 11:56:29+00:00,0.0,0.0,0.0,0.0,0.0,0.0,0.0,-1.0,0.0,0.0,AAPL,42.1243626435481,0.0,0.0
2024-10-21 11:56:34+00:00,0.0,0.0,0.0,0.0,0.0,0.0,0.0,0.0,0.0,0.0,AAPL,41.86386109385194,0.0,0.0
2024-10-21 11:56:42+00:00,0.0,0.0,200.0,0.0,0.0,0.0,0.0,0.0,0.0,0.0,AAPL,-19.992954137775943,0.0,0.0
2024-10-21 11:56:43+00:00,0.0,0.0,0.0,0.0,0.0,0.0,0.0,0.0,0.0,0.0,AAPL,41.86386109385194,0.0,0.0
2024-10-21 11:56:47+00:00,0.0,0.0,0.0,0.0,0.0,0.0,0.0,0.0,0.0,0.0,AAPL,41.86386109385194,0.0,0.0
2024-10-21 11:56:51+00:00,0.0,200.0,200.0,200.0,25.0,30.0,200.0,44.0,154.0,400.0,AAPL,-379.9013433344268,0.0,0.0
2024-10-21 11:56:55+00:00,0.0,0.0,-200.0,-200.0,-25.0,-30.0,-200.0,-44.0,-154.0,-400.0,AAPL,411.99176164753044,0.0,0.0
2024-10-21 11:57:04+00:00,0.0,0.0,0.0,0.0,0.0,0.0,0.0,0.0,0.0,0.0,AAPL,41.86386109385194,0.0,0.0
2024-10-21 11:57:06+00:00,1.0,27.0,10.0,400.0,15.0,110.0,10.0,110.0,100.0,55.0,AAPL,-288.30981539221426,1.0,0.0
2024-10-21 11:57:07+00:00,0.0,0.0,0.0,0.0,0.0,0.0,0.0,0.0,0.0,0.0,AAPL,41.86386109385194,0.0,0.0
2024-10-21 11:57:08+00:00,0.0,0.0,0.0,0.0,0.0,0.0,0.0,0.0,0.0,0.0,AAPL,41.86386109385194,0.0,0.0
2024-10-21 11:57:10+00:00,0.0,0.0,0.0,0.0,0.0,0.0,0.0,0.0,0.0,0.0,AAPL,41.86386109385194,0.0,0.0
2024-10-21 11:57:14+00:00,0.0,2.0,0.0,0.0,0.0,0.0,0.0,0.0,0.0,0.0,AAPL,41.34748805510595,0.0,0.0
2024-10-21 11:57:15+00:00,0.0,0.0,0.0,0.0,0.0,0.0,0.0,0.0,0.0,0.0,AAPL,41.86386109385194,0.0,0.0
2024-10-21 11:57:17+00:00,0.0,0.0,0.0,0.0,0.0,0.0,0.0,0.0,0.0,0.0,AAPL,41.86386109385194,0.0,0.0
2024-10-21 11:57:20+00:00,20.0,201.0,8.0,350.0,25.0,30.0,200.0,44.0,154.0,400.0,AAPL,-397.49087613298985,20.0,0.0
2024-10-21 11:57:22+00:00,0.0,0.0,0.0,0.0,0.0,0.0,0.0,0.0,0.0,0.0,AAPL,41.86386109385194,0.0,0.0
2024-10-21 11:57:23+00:00,-1.0,-239.0,-610.0,-200.0,-15.0,-110.0,-10.0,-110.0,-100.0,-55.0,AAPL,511.0691313303214,-1.0,0.0
2024-10-21 11:57:25+00:00,200.0,210.0,200.0,-200.0,0.0,0.0,0.0,0.0,0.0,0.0,AAPL,19.481337216597918,200.0,0.0
2024-10-21 11:57:26+00:00,200.0,0.0,0.0,0.0,0.0,0.0,0.0,0.0,0.0,0.0,AAPL,34.28292746499956,200.0,0.0
2024-10-21 11:57:28+00:00,-200.0,400.0,-200.0,200.0,0.0,0.0,0.0,0.0,0.0,0.0,AAPL,-93.24739184642502,-200.0,0.0
2024-10-21 11:57:29+00:00,0.0,0.0,200.0,-200.0,0.0,0.0,0.0,0.0,0.0,0.0,AAPL,81.28143991378066,0.0,0.0
2024-10-21 11:57:30+00:00,200.0,0.0,0.0,0.0,0.0,0.0,0.0,0.0,0.0,0.0,AAPL,34.28292746499956,200.0,0.0
2024-10-21 11:57:31+00:00,0.0,500.0,201.0,8.0,350.0,25.0,30.0,200.0,44.0,154.0,AAPL,-415.5524019628136,0.0,0.0
2024-10-21 11:57:36+00:00,-220.0,-500.0,-201.0,-8.0,-350.0,-25.0,-30.0,-200.0,-44.0,-154.0,AAPL,507.61915114225513,-220.0,0.0
2024-10-21 11:57:37+00:00,1.0,200.0,10.0,27.0,15.0,110.0,10.0,110.0,100.0,55.0,AAPL,-144.09933833759047,1.0,0.0
2024-10-21 11:57:38+00:00,0.0,200.0,0.0,0.0,0.0,0.0,0.0,0.0,0.0,0.0,AAPL,-9.773442780748383,0.0,0.0
2024-10-21 11:57:40+00:00,0.0,0.0,0.0,-1.0,0.0,0.0,0.0,0.0,0.0,0.0,AAPL,42.37023306410972,0.0,0.0
2024-10-21 11:57:41+00:00,0.0,-200.0,-10.0,174.0,185.0,-85.0,20.0,90.0,-56.0,99.0,AAPL,-71.94412430254849,0.0,0.0
2024-10-21 11:57:42+00:00,0.0,0.0,600.0,26.0,15.0,110.0,10.0,110.0,100.0,55.0,AAPL,-274.3953627578904,0.0,0.0
2024-10-21 11:57:48+00:00,0.0,0.0,200.0,3.0,-400.0,-27.0,-30.0,-200.0,-44.0,-154.0,AAPL,262.7657947901766,0.0,0.0
2024-10-21 11:57:51+00:00,0.0,0.0,0.0,0.0,200.0,25.0,29.0,200.0,44.0,154.0,AAPL,-155.82735216721207,0.0,0.0
2024-10-21 11:57:52+00:00,0.0,0.0,0.0,0.0,-400.0,-25.0,-29.0,-200.0,-44.0,-154.0,AAPL,325.09295990482565,0.0,0.0
2024-10-21 11:57:58+00:00,0.0,0.0,0.0,0.0,200.0,25.0,29.0,200.0,44.0,154.0,AAPL,-155.82735216721207,0.0,0.0
2024-10-21 11:58:06+00:00,0.0,0.0,200.0,-200.0,-200.0,4.0,-29.0,-200.0,-44.0,-154.0,AAPL,267.5544084863305,0.0,0.0
2024-10-21 11:58:14+00:00,0.0,0.0,0.0,0.0,0.0,0.0,0.0,0.0,0.0,0.0,AAPL,41.86386109385194,0.0,0.0
2024-10-21 11:58:18+00:00,65.0,0.0,0.0,200.0,0.0,200.0,0.0,200.0,44.0,154.0,AAPL,-235.353139377002,65.0,0.0
2024-10-21 11:58:19+00:00,0.0,0.0,200.0,0.0,0.0,200.0,0.0,0.0,0.0,0.0,AAPL,-98.739469230977,0.0,0.0
2024-10-21 11:58:21+00:00,0.0,200.0,10.0,0.0,0.0,-200.0,0.0,0.0,0.0,0.0,AAPL,65.88023155087127,0.0,0.0
2024-10-21 11:58:32+00:00,0.0,200.0,0.0,0.0,0.0,0.0,0.0,0.0,0.0,0.0,AAPL,-9.773442780748383,0.0,0.0
2024-10-21 11:58:37+00:00,0.0,0.0,0.0,0.0,0.0,400.0,0.0,0.0,0.0,0.0,AAPL,-115.62916909255013,0.0,0.0
2024-10-21 11:58:40+00:00,0.0,0.0,0.0,-3.0,0.0,0.0,0.0,0.0,0.0,0.0,AAPL,43.382977004625296,0.0,0.0
2024-10-21 11:58:50+00:00,0.0,0.0,0.0,0.0,0.0,400.0,0.0,0.0,0.0,0.0,AAPL,-115.62916909255013,0.0,0.0
2024-10-21 11:58:53+00:00,-215.0,100.0,493.0,260.0,-389.0,-386.0,-102.0,-124.0,-78.0,-344.0,AAPL,207.47043286871258,-215.0,0.0
2024-10-21 11:58:54+00:00,-40.0,-41.0,-401.0,-410.0,-36.0,-14.0,75.0,-76.0,34.0,190.0,AAPL,359.24008413571363,-40.0,0.0
2024-10-21 11:58:58+00:00,-99.0,93.0,138.0,211.0,-417.0,-212.0,-134.0,-188.0,-444.0,-301.0,AAPL,391.69678312204235,-99.0,0.0
2024-10-21 11:58:59+00:00,-38.0,-39.0,-401.0,-226.0,-9.0,175.0,-81.0,34.0,280.0,-209.0,AAPL,211.08538206381942,-38.0,0.0
2024-10-21 11:59:00+00:00,0.0,0.0,4.0,200.0,0.0,0.0,0.0,0.0,0.0,0.0,AAPL,-60.64766926233721,0.0,0.0
2024-10-21 11:59:01+00:00,0.0,370.0,-3.0,790.0,-15.0,-110.0,-10.0,-110.0,-100.0,-55.0,AAPL,-335.2480484191764,0.0,0.0
2024-10-21 11:59:02+00:00,0.0,200.0,0.0,0.0,0.0,0.0,0.0,0.0,0.0,0.0,AAPL,-9.773442780748383,0.0,0.0
2024-10-21 11:59:05+00:00,0.0,200.0,0.0,10.0,15.0,110.0,10.0,110.0,100.0,55.0,AAPL,-132.3602694134825,0.0,0.0
2024-10-21 11:59:22+00:00,0.0,200.0,0.0,200.0,0.0,0.0,0.0,0.0,0.0,0.0,AAPL,-111.04783683230498,0.0,0.0
2024-10-21 11:59:24+00:00,0.0,0.0,0.0,-200.0,0.0,0.0,0.0,0.0,0.0,0.0,AAPL,143.13825514540852,0.0,0.0
2024-10-21 11:59:29+00:00,0.0,200.0,0.0,1200.0,28.0,0.0,0.0,0.0,0.0,0.0,AAPL,-629.3951110670752,0.0,0.0
2024-10-21 11:59:30+00:00,192.0,-173.0,175.0,-400.0,-28.0,-200.0,-44.0,-154.0,-400.0,-1.0,AAPL,471.31781067720016,192.0,0.0
2024-10-21 11:59:33+00:00,0.0,0.0,0.0,0.0,0.0,0.0,0.0,0.0,0.0,0.0,AAPL,41.86386109385194,0.0,0.0
2024-10-21 11:59:40+00:00,0.0,0.0,0.0,0.0,0.0,0.0,0.0,0.0,0.0,0.0,AAPL,41.86386109385194,0.0,0.0
2024-10-21 11:59:44+00:00,0.0,200.0,0.0,0.0,0.0,0.0,0.0,0.0,0.0,0.0,AAPL,-9.773442780748383,0.0,0.0
2024-10-21 11:59:56+00:00,0.0,0.0,200.0,-1.0,0.0,0.0,0.0,0.0,0.0,0.0,AAPL,-19.486582167518165,0.0,0.0
2024-10-21 11:59:57+00:00,0.0,200.0,0.0,-1.0,0.0,0.0,0.0,0.0,0.0,0.0,AAPL,-9.267070810490605,0.0,0.0
2024-10-21 11:59:58+00:00,0.0,0.0,0.0,0.0,0.0,0.0,0.0,0.0,0.0,0.0,AAPL,41.86386109385194,0.0,0.0
2024-10-21 12:00:01+00:00,0.0,200.0,0.0,0.0,0.0,0.0,0.0,0.0,0.0,0.0,AAPL,-9.773442780748383,0.0,0.0
2024-10-21 12:00:02+00:00,0.0,173.0,-201.0,416.0,0.0,0.0,0.0,0.0,0.0,0.0,AAPL,-151.28704707712902,0.0,0.0
2024-10-21 12:00:03+00:00,0.0,400.0,0.0,0.0,0.0,0.0,0.0,0.0,0.0,0.0,AAPL,-61.4107466553487,0.0,0.0
2024-10-21 12:00:04+00:00,0.0,0.0,0.0,0.0,0.0,0.0,0.0,0.0,0.0,0.0,AAPL,41.86386109385194,0.0,0.0
2024-10-21 12:00:06+00:00,0.0,-400.0,390.0,0.0,0.0,0.0,0.0,0.0,0.0,0.0,AAPL,24.517679141378213,0.0,0.0
2024-10-21 12:00:07+00:00,-1.0,-436.0,588.0,-12.0,-15.0,-110.0,-10.0,-110.0,-100.0,-55.0,AAPL,96.21162200088864,-1.0,0.0
2024-10-21 12:00:08+00:00,0.0,200.0,-400.0,-28.0,-110.0,-10.0,-110.0,-100.0,-55.0,-1.0,AAPL,248.00093722812778,0.0,0.0
2024-10-21 12:00:11+00:00,0.0,200.0,15.0,29.0,110.0,10.0,110.0,100.0,55.0,1.0,AAPL,-148.97982543899866,0.0,0.0
2024-10-21 12:00:14+00:00,0.0,0.0,-15.0,-29.0,-110.0,-10.0,-110.0,-100.0,-55.0,-1.0,AAPL,181.07024375210221,0.0,0.0
2024-10-21 12:00:15+00:00,0.0,-200.0,571.0,26.0,110.0,10.0,110.0,100.0,55.0,1.0,AAPL,-216.1480481229502,0.0,0.0
2024-10-21 12:00:16+00:00,0.0,0.0,200.0,0.0,0.0,0.0,0.0,0.0,0.0,0.0,AAPL,-19.992954137775943,0.0,0.0
2024-10-21 12:00:30+00:00,0.0,200.0,-200.0,-26.0,-110.0,-10.0,-110.0,-100.0,-55.0,-1.0,AAPL,185.13137805598427,0.0,0.0
2024-10-21 12:00:31+00:00,0.0,-200.0,200.0,26.0,110.0,10.0,110.0,100.0,55.0,1.0,AAPL,-101.40365586828047,0.0,0.0
2024-10-21 12:00:34+00:00,0.0,200.0,-198.0,-26.0,-110.0,-10.0,-110.0,-100.0,-55.0,-1.0,AAPL,184.51280990366803,0.0,0.0
2024-10-21 12:00:35+00:00,0.0,-200.0,200.0,28.0,110.0,10.0,110.0,100.0,55.0,1.0,AAPL,-102.41639980879606,0.0,0.0
2024-10-21 12:00:40+00:00,0.0,-400.0,-25.0,-26.0,-310.0,-54.0,-264.0,-500.0,-56.0,-601.0,AAPL,656.244277751039,0.0,0.0
2024-10-21 12:00:51+00:00,501.0,160.0,666.0,430.0,310.0,54.0,264.0,500.0,56.0,601.0,AAPL,-932.3673984556019,501.0,0.0
2024-10-21 12:00:52+00:00,0.0,0.0,200.0,-159.0,0.0,0.0,0.0,0.0,0.0,0.0,AAPL,60.52018913321154,0.0,0.0
2024-10-21 12:00:53+00:00,0.0,0.0,200.0,-26.0,0.0,27.0,0.0,0.0,0.0,0.0,AAPL,-17.45806244865574,0.0,0.0
2024-10-21 12:00:57+00:00,0.0,0.0,0.0,0.0,27.0,-27.0,0.0,0.0,0.0,0.0,AAPL,40.94702608219626,0.0,0.0
2024-10-21 12:00:58+00:00,0.0,0.0,0.0,-15.0,-137.0,-10.0,-110.0,-100.0,-55.0,-1.0,AAPL,180.88938957535896,0.0,0.0
2024-10-21 12:01:00+00:00,0.0,0.0,-200.0,0.0,0.0,0.0,0.0,0.0,0.0,0.0,AAPL,103.72067632547981,0.0,0.0
2024-10-21 12:01:01+00:00,0.0,0.0,200.0,0.0,0.0,0.0,0.0,0.0,0.0,0.0,AAPL,-19.992954137775943,0.0,0.0
2024-10-21 12:01:02+00:00,0.0,0.0,800.0,415.0,167.0,210.0,154.0,254.0,455.0,2.0,AAPL,-791.6343985128575,0.0,0.0
2024-10-21 12:01:04+00:00,0.0,-200.0,400.0,-27.0,-57.0,-172.0,-16.0,-44.0,-300.0,54.0,AAPL,155.97876423850823,0.0,0.0
2024-10-21 12:01:05+00:00,0.0,0.0,0.0,-1.0,30.0,110.0,-18.0,0.0,0.0,0.0,AAPL,-9.067617286874249,0.0,0.0
2024-10-21 12:01:06+00:00,0.0,0.0,-200.0,0.0,0.0,0.0,0.0,0.0,0.0,0.0,AAPL,103.72067632547981,0.0,0.0
2024-10-21 12:01:07+00:00,0.0,0.0,600.0,0.0,-1.0,0.0,0.0,0.0,0.0,0.0,AAPL,-143.27889517328217,0.0,0.0
2024-10-21 12:01:09+00:00,1.0,500.0,10.0,400.0,15.0,29.0,110.0,10.0,110.0,100.0,AAPL,-390.35488366545206,1.0,0.0
2024-10-21 12:01:11+00:00,0.0,0.0,0.0,0.0,-15.0,-29.0,-110.0,-10.0,-110.0,-100.0,AAPL,139.3098126338164,0.0,0.0
2024-10-21 12:01:13+00:00,0.0,0.0,0.0,0.0,-1.0,0.0,0.0,0.0,0.0,0.0,AAPL,42.2915505216015,0.0,0.0
2024-10-21 12:01:33+00:00,0.0,0.0,0.0,400.0,15.0,28.0,110.0,10.0,110.0,100.0,AAPL,-257.73714597375965,0.0,0.0
2024-10-21 12:01:35+00:00,0.0,-200.0,-28.0,-29.0,-200.0,-44.0,-154.0,-400.0,-1.0,-600.0,AAPL,487.1716076372841,0.0,0.0
2024-10-21 12:01:36+00:00,-200.0,400.0,0.0,0.0,0.0,0.0,0.0,0.0,0.0,0.0,AAPL,-53.82981302649632,-200.0,0.0
2024-10-21 12:01:37+00:00,200.0,1.0,150.0,253.0,283.0,31.0,154.0,400.0,1.0,600.0,AAPL,-541.1853793743961,200.0,0.0
2024-10-21 12:01:42+00:00,-200.0,199.0,28.0,0.0,28.0,200.0,44.0,154.0,400.0,1.0,AAPL,-254.23558000502936,-200.0,0.0
2024-10-21 12:01:44+00:00,0.0,0.0,0.0,200.0,-1.0,0.0,0.0,0.0,0.0,0.0,AAPL,-58.9828435299551,0.0,0.0
2024-10-21 12:01:46+00:00,0.0,0.0,0.0,0.0,0.0,0.0,0.0,0.0,0.0,0.0,AAPL,41.86386109385194,0.0,0.0
2024-10-21 12:01:48+00:00,0.0,0.0,0.0,200.0,-26.0,15.0,0.0,0.0,0.0,0.0,AAPL,-54.19659646820646,0.0,0.0
2024-10-21 12:01:50+00:00,0.0,0.0,0.0,0.0,0.0,-2.0,0.0,0.0,0.0,0.0,AAPL,42.651326244783945,0.0,0.0
2024-10-21 12:01:59+00:00,0.0,0.0,0.0,0.0,0.0,0.0,0.0,0.0,0.0,0.0,AAPL,41.86386109385194,0.0,0.0
2024-10-21 12:02:01+00:00,-1.0,-200.0,-150.0,-25.0,-28.0,-200.0,-44.0,-154.0,-400.0,-1.0,AAPL,396.2322835568405,-1.0,0.0
2024-10-21 12:02:05+00:00,-400.0,-150.0,-25.0,-28.0,-200.0,-44.0,-154.0,-400.0,-1.0,-600.0,AAPL,487.9899247276067,-400.0,0.0
2024-10-21 12:02:07+00:00,200.0,150.0,25.0,28.0,200.0,44.0,154.0,400.0,1.0,600.0,AAPL,-396.68126891105044,200.0,0.0
2024-10-21 12:02:17+00:00,-200.0,-150.0,0.0,400.0,0.0,0.0,0.0,0.0,0.0,0.0,AAPL,-114.3760154744586,-200.0,0.0
2024-10-21 12:02:18+00:00,0.0,0.0,0.0,-28.0,0.0,-28.0,-110.0,-10.0,-110.0,-100.0,AAPL,146.67915380932496,0.0,0.0
2024-10-21 12:02:30+00:00,0.0,0.0,0.0,0.0,0.0,29.0,110.0,10.0,110.0,100.0,AAPL,-49.1667490298692,0.0,0.0
2024-10-21 12:02:44+00:00,0.0,0.0,0.0,0.0,0.0,0.0,0.0,0.0,0.0,0.0,AAPL,41.86386109385194,0.0,0.0
2024-10-21 12:02:48+00:00,-1.0,-500.0,-210.0,-400.0,-15.0,-29.0,-110.0,-10.0,-110.0,-100.0,AAPL,535.9394210847839,-1.0,0.0
2024-10-21 12:02:49+00:00,0.0,0.0,200.0,0.0,0.0,0.0,0.0,0.0,0.0,0.0,AAPL,-19.992954137775943,0.0,0.0
2024-10-21 12:02:54+00:00,-400.0,0.0,1.0,-29.0,-200.0,-44.0,-154.0,-400.0,-1.0,-600.0,AAPL,441.7269328118025,-400.0,0.0
2024-10-21 12:02:56+00:00,200.0,150.0,225.0,55.0,200.0,44.0,154.0,400.0,1.0,600.0,AAPL,-472.21012733963846,200.0,0.0
2024-10-21 12:02:58+00:00,0.0,0.0,200.0,0.0,0.0,0.0,0.0,0.0,0.0,0.0,AAPL,-19.992954137775943,0.0,0.0
2024-10-21 12:02:59+00:00,0.0,0.0,0.0,0.0,0.0,0.0,0.0,0.0,0.0,0.0,AAPL,41.86386109385194,0.0,0.0
2024-10-21 12:03:04+00:00,0.0,0.0,400.0,0.0,0.0,0.0,0.0,0.0,0.0,0.0,AAPL,-81.84976936940383,0.0,0.0
2024-10-21 12:03:23+00:00,0.0,0.0,0.0,0.0,0.0,0.0,0.0,0.0,0.0,0.0,AAPL,41.86386109385194,0.0,0.0
2024-10-21 12:03:36+00:00,200.0,0.0,0.0,-2.0,-29.0,-110.0,-10.0,-110.0,-100.0,-55.0,AAPL,158.8064303241651,200.0,0.0
2024-10-21 12:03:37+00:00,0.0,0.0,0.0,0.0,0.0,0.0,0.0,0.0,0.0,0.0,AAPL,41.86386109385194,0.0,0.0
2024-10-21 12:03:38+00:00,1.0,500.0,10.0,400.0,15.0,165.0,120.0,120.0,210.0,155.0,AAPL,-511.6996961414813,1.0,0.0
2024-10-21 12:03:55+00:00,-200.0,0.0,0.0,400.0,0.0,3.0,0.0,0.0,0.0,0.0,AAPL,-154.2851911068068,-200.0,0.0
2024-10-21 12:03:56+00:00,0.0,0.0,200.0,10.0,28.0,-15.0,0.0,0.0,0.0,0.0,AAPL,-31.125989185351056,0.0,0.0
2024-10-21 12:04:00+00:00,0.0,200.0,-173.0,-38.0,-43.0,-125.0,-120.0,-120.0,-210.0,-155.0,AAPL,277.9916022387462,0.0,0.0
2024-10-21 12:04:01+00:00,0.0,18.0,700.0,37.0,15.0,110.0,10.0,110.0,100.0,55.0,AAPL,-315.541219395254,0.0,0.0
2024-10-21 12:04:05+00:00,0.0,0.0,0.0,26.0,0.0,0.0,0.0,0.0,0.0,0.0,AAPL,28.69818986714959,0.0,0.0
2024-10-21 12:04:12+00:00,-200.0,-150.0,175.0,0.0,0.0,0.0,0.0,0.0,0.0,0.0,AAPL,34.048059300980185,-200.0,0.0
2024-10-21 12:04:16+00:00,0.0,0.0,-400.0,200.0,36.0,15.0,110.0,10.0,110.0,100.0,AAPL,-36.61207596062966,0.0,0.0
2024-10-21 12:04:19+00:00,0.0,0.0,0.0,400.0,-26.0,29.0,15.0,110.0,10.0,110.0,AAPL,-218.59325067504076,0.0,0.0
2024-10-21 12:04:26+00:00,0.0,0.0,1000.0,-197.0,-10.0,-29.0,-15.0,-110.0,-10.0,-110.0,AAPL,-94.359793858741,0.0,0.0
2024-10-21 12:04:27+00:00,0.0,0.0,0.0,200.0,10.0,29.0,15.0,110.0,10.0,110.0,AAPL,-132.71567602246787,0.0,0.0
2024-10-21 12:04:40+00:00,0.0,0.0,0.0,0.0,0.0,0.0,0.0,0.0,50.0,1.0,AAPL,29.021695823339353,0.0,0.0
2024-10-21 12:04:47+00:00,3.0,150.0,25.0,400.0,30.0,200.0,44.0,154.0,400.0,50.0,AAPL,-461.78160951173214,3.0,0.0
2024-10-21 12:04:51+00:00,0.0,0.0,0.0,-800.0,27.0,-29.0,-15.0,-110.0,-10.0,-110.0,AAPL,504.4420715381083,0.0,0.0
2024-10-21 12:04:54+00:00,0.0,0.0,5.0,0.0,0.0,0.0,0.0,0.0,0.0,0.0,AAPL,40.31744071306122,0.0,0.0
2024-10-21 12:05:01+00:00,0.0,200.0,150.0,225.0,0.0,0.0,0.0,0.0,0.0,0.0,AAPL,-170.09974751247046,0.0,0.0
2024-10-21 12:05:05+00:00,0.0,0.0,0.0,0.0,0.0,0.0,0.0,0.0,0.0,-50.0,AAPL,52.09468414748127,0.0,0.0
2024-10-21 12:05:15+00:00,0.0,-200.0,-150.0,175.0,0.0,0.0,0.0,0.0,0.0,0.0,AAPL,51.27868159706115,0.0,0.0
2024-10-21 12:05:18+00:00,0.0,0.0,0.0,-200.0,0.0,0.0,0.0,0.0,0.0,0.0,AAPL,143.13825514540852,0.0,0.0
2024-10-21 12:05:27+00:00,-16.0,-150.0,-25.0,-400.0,-30.0,-200.0,-44.0,-154.0,-400.0,-1.0,AAPL,535.9758857927544,-16.0,0.0
2024-10-21 12:05:30+00:00,1200.0,1.0,18.0,505.0,200.0,37.0,15.0,110.0,10.0,110.0,AAPL,-422.88088049056785,1200.0,0.0
2024-10-21 12:05:35+00:00,0.0,0.0,0.0,0.0,-200.0,363.0,0.0,0.0,0.0,0.0,AAPL,-15.523178250398276,0.0,0.0
2024-10-21 12:05:40+00:00,249.0,1345.0,369.0,-211.0,623.0,525.0,256.0,-385.0,109.0,-40.0,AAPL,-781.2418496109532,249.0,0.0
2024-10-21 12:05:41+00:00,-28.0,-200.0,-371.0,399.0,-18.0,-27.0,0.0,0.0,0.0,0.0,AAPL,25.593661035379995,-28.0,0.0
2024-10-21 12:05:43+00:00,-50.0,0.0,0.0,400.0,-228.0,-505.0,-10.0,0.0,0.0,0.0,AAPL,140.17145530338328,-50.0,0.0
2024-10-21 12:05:45+00:00,0.0,0.0,0.0,0.0,29.0,0.0,-26.0,-15.0,-110.0,-10.0,AAPL,70.01098572337584,0.0,0.0
2024-10-21 12:05:46+00:00,200.0,100.0,1200.0,1.0,418.0,534.0,10.0,15.0,110.0,10.0,AAPL,-788.5796679356216,200.0,0.0
2024-10-21 12:05:47+00:00,0.0,0.0,0.0,200.0,1.0,18.0,534.0,10.0,15.0,110.0,AAPL,-235.36416782359103,0.0,0.0
2024-10-21 12:05:48+00:00,-742.0,-1333.0,-1334.0,581.0,-48.0,-552.0,-544.0,-25.0,-125.0,-120.0,AAPL,975.2121353303916,-742.0,0.0
2024-10-21 12:05:49+00:00,0.0,0.0,200.0,-200.0,-505.0,-10.0,-15.0,-110.0,-10.0,-110.0,AAPL,358.81193078071624,0.0,0.0
2024-10-21 12:05:52+00:00,0.0,0.0,0.0,0.0,29.0,10.0,15.0,110.0,10.0,110.0,AAPL,-32.08646216429864,0.0,0.0
2024-10-21 12:05:55+00:00,0.0,0.0,-18.0,0.0,0.0,0.0,0.0,0.0,0.0,0.0,AAPL,47.430974464698444,0.0,0.0
2024-10-21 12:05:57+00:00,0.0,0.0,0.0,30.0,-29.0,-10.0,-15.0,-110.0,-10.0,-110.0,AAPL,100.623025244269,0.0,0.0
2024-10-21 12:06:05+00:00,5.0,400.0,200.0,29.0,44.0,154.0,400.0,1.0,50.0,600.0,AAPL,-457.78330153867444,5.0,0.0
2024-10-21 12:06:06+00:00,0.0,400.0,174.0,-29.0,-44.0,-154.0,-400.0,-1.0,-50.0,-600.0,AAPL,219.10004040411164,0.0,0.0
2024-10-21 12:06:07+00:00,0.0,200.0,55.0,200.0,44.0,154.0,400.0,1.0,50.0,600.0,AAPL,-447.6998901945035,0.0,0.0
2024-10-21 12:06:08+00:00,0.0,200.0,0.0,0.0,0.0,0.0,0.0,0.0,0.0,0.0,AAPL,-9.773442780748383,0.0,0.0
2024-10-21 12:06:17+00:00,0.0,0.0,-29.0,-230.0,-15.0,-144.0,-385.0,109.0,-40.0,-490.0,AAPL,412.9897583770784,0.0,0.0
2024-10-21 12:06:18+00:00,395.0,-200.0,-200.0,-44.0,-154.0,-400.0,-1.0,-50.0,-600.0,-5.0,AAPL,551.9832514145434,395.0,0.0
2024-10-21 12:06:19+00:00,0.0,0.0,400.0,0.0,0.0,0.0,0.0,0.0,0.0,0.0,AAPL,-81.84976936940383,0.0,0.0
2024-10-21 12:06:22+00:00,0.0,0.0,-200.0,0.0,0.0,0.0,0.0,0.0,0.0,0.0,AAPL,103.72067632547981,0.0,0.0
2024-10-21 12:06:29+00:00,0.0,-28.0,0.0,0.0,1.0,0.0,0.0,0.0,0.0,0.0,AAPL,48.665394208546445,0.0,0.0
2024-10-21 12:06:31+00:00,0.0,0.0,0.0,0.0,-3.0,0.0,0.0,0.0,0.0,0.0,AAPL,43.14692937710058,0.0,0.0
2024-10-21 12:06:39+00:00,0.0,0.0,0.0,0.0,0.0,0.0,0.0,0.0,0.0,0.0,AAPL,41.86386109385194,0.0,0.0
2024-10-21 12:06:46+00:00,0.0,0.0,200.0,26.0,-27.0,-10.0,-15.0,-110.0,-10.0,-110.0,AAPL,39.93631903817318,0.0,0.0
2024-10-21 12:06:48+00:00,100.0,1200.0,1.0,200.0,531.0,10.0,15.0,110.0,10.0,110.0,AAPL,-661.9845230843149,100.0,0.0
2024-10-21 12:06:49+00:00,-100.0,-1000.0,-201.0,-731.0,-541.0,-25.0,-125.0,-120.0,-120.0,-210.0,AAPL,1114.6105211806214,-100.0,0.0
2024-10-21 12:06:51+00:00,0.0,-200.0,200.0,531.0,10.0,15.0,110.0,10.0,110.0,100.0,AAPL,-327.03441481475085,0.0,0.0
2024-10-21 12:06:53+00:00,0.0,0.0,200.0,0.0,0.0,0.0,0.0,0.0,0.0,0.0,AAPL,-19.992954137775943,0.0,0.0
2024-10-21 12:06:56+00:00,-400.0,-28.0,-670.0,-685.0,-410.0,-16.0,-160.0,-610.0,-115.0,-163.0,AAPL,1063.12539915374,-400.0,0.0
2024-10-21 12:06:57+00:00,0.0,0.0,26.0,0.0,0.0,0.0,0.0,0.0,0.0,0.0,AAPL,33.82247511374032,0.0,0.0
2024-10-21 12:06:59+00:00,200.0,-200.0,3.0,505.0,10.0,15.0,110.0,10.0,110.0,100.0,AAPL,-260.52071421374745,200.0,0.0
2024-10-21 12:07:03+00:00,200.0,228.0,44.0,154.0,400.0,1.0,50.0,600.0,5.0,63.0,AAPL,-471.1634509852136,200.0,0.0
2024-10-21 12:07:06+00:00,0.0,0.0,0.0,0.0,0.0,0.0,0.0,0.0,0.0,0.0,AAPL,41.86386109385194,0.0,0.0
2024-10-21 12:07:21+00:00,28.0,1172.0,27.0,70.0,659.0,410.0,16.0,160.0,610.0,115.0,AAPL,-972.4365176006996,28.0,0.0
2024-10-21 12:07:24+00:00,-200.0,-200.0,-26.0,-44.0,-154.0,-400.0,-1.0,-50.0,-600.0,-5.0,AAPL,520.7210997088629,-200.0,0.0
2024-10-21 12:07:31+00:00,200.0,200.0,29.0,44.0,154.0,400.0,1.0,50.0,600.0,5.0,AAPL,-437.92122974963337,200.0,0.0
2024-10-21 12:07:32+00:00,-200.0,-1000.0,0.0,0.0,0.0,0.0,0.0,0.0,0.0,0.0,AAPL,307.6313140957061,-200.0,0.0
2024-10-21 12:07:33+00:00,200.0,-200.0,-1.0,-26.0,-505.0,-10.0,-15.0,-110.0,-10.0,-110.0,AAPL,376.925677509396,200.0,0.0
2024-10-21 12:07:34+00:00,200.0,1200.0,1.0,26.0,505.0,10.0,15.0,110.0,10.0,110.0,AAPL,-566.5463419523984,200.0,0.0
2024-10-21 12:07:51+00:00,-72.0,-29.0,955.0,235.0,-153.0,105.0,9.0,-35.0,-490.0,5.0,AAPL,-208.5979950826625,-72.0,0.0
2024-10-21 12:07:52+00:00,-28.0,-171.0,-1200.0,-29.0,-506.0,-515.0,-25.0,-125.0,-120.0,-120.0,AAPL,986.0632000520732,-28.0,0.0
2024-10-21 12:07:53+00:00,0.0,0.0,0.0,0.0,0.0,0.0,0.0,0.0,0.0,0.0,AAPL,41.86386109385194,0.0,0.0
2024-10-21 12:07:54+00:00,429.0,200.0,1400.0,401.0,533.0,410.0,16.0,160.0,610.0,115.0,AAPL,-1275.0462835199994,429.0,0.0
2024-10-21 12:07:57+00:00,0.0,0.0,0.0,200.0,0.0,0.0,0.0,0.0,0.0,0.0,AAPL,-59.41053295770465,0.0,0.0
2024-10-21 12:07:58+00:00,50.0,0.0,0.0,-200.0,0.0,0.0,0.0,0.0,0.0,0.0,AAPL,141.24302173819544,50.0,0.0
2024-10-21 12:08:07+00:00,200.0,29.0,0.0,0.0,0.0,0.0,0.0,0.0,0.0,0.0,AAPL,26.795518403182513,200.0,0.0
2024-10-21 12:08:11+00:00,56.0,0.0,0.0,0.0,0.0,0.0,0.0,0.0,0.0,0.0,AAPL,39.74119967777326,56.0,0.0
2024-10-21 12:08:22+00:00,-429.0,1.0,0.0,0.0,0.0,0.0,0.0,0.0,0.0,0.0,AAPL,57.86677720836732,-429.0,0.0
2024-10-21 12:08:25+00:00,200.0,0.0,0.0,0.0,0.0,0.0,0.0,0.0,0.0,0.0,AAPL,34.28292746499956,200.0,0.0
2024-10-21 12:08:36+00:00,200.0,0.0,0.0,400.0,0.0,0.0,0.0,0.0,0.0,0.0,AAPL,-168.2658606381136,200.0,0.0
2024-10-21 12:08:37+00:00,0.0,28.0,0.0,600.0,29.0,0.0,0.0,0.0,0.0,0.0,AAPL,-281.5915370079987,0.0,0.0
2024-10-21 12:08:38+00:00,0.0,0.0,-200.0,-200.0,-29.0,-400.0,-1.0,-50.0,-600.0,-5.0,AAPL,540.8511403484471,0.0,0.0
2024-10-21 12:08:39+00:00,429.0,29.0,200.0,400.0,29.0,400.0,1.0,50.0,600.0,5.0,AAPL,-582.1463239080051,429.0,0.0
2024-10-21 12:08:41+00:00,200.0,1.0,0.0,0.0,0.0,0.0,0.0,0.0,0.0,0.0,AAPL,34.024740945626554,200.0,0.0
2024-10-21 12:08:44+00:00,-169.0,-455.0,-669.0,-886.0,-630.0,-481.0,-1851.0,-656.0,-1173.0,-79.0,AAPL,2247.3294722935198,-169.0,0.0
2024-10-21 12:08:45+00:00,0.0,0.0,0.0,0.0,0.0,0.0,-100.0,0.0,0.0,0.0,AAPL,67.9939487758689,0.0,0.0
2024-10-21 12:08:46+00:00,1.0,200.0,30.0,1200.0,1.0,505.0,10.0,15.0,110.0,10.0,AAPL,-862.3681780861966,1.0,0.0
2024-10-21 12:08:56+00:00,-1.0,-200.0,-30.0,-1200.0,-1.0,-505.0,-10.0,-15.0,-110.0,-10.0,AAPL,946.0959002739004,-1.0,0.0
2024-10-21 12:09:01+00:00,-230.0,-30.0,-1200.0,-1.0,-505.0,-10.0,-15.0,-110.0,-10.0,-110.0,AAPL,707.5052845751828,-230.0,0.0
2024-10-21 12:09:02+00:00,0.0,400.0,58.0,400.0,1.0,50.0,600.0,105.0,63.0,1.0,AAPL,-502.2734461478502,0.0,0.0
2024-10-21 12:09:04+00:00,230.0,200.0,1200.0,1.0,505.0,10.0,15.0,110.0,10.0,110.0,AAPL,-667.6692706808896,230.0,0.0
2024-10-21 12:09:06+00:00,200.0,0.0,0.0,0.0,0.0,0.0,0.0,0.0,0.0,0.0,AAPL,34.28292746499956,200.0,0.0
2024-10-21 12:09:10+00:00,10.0,200.0,30.0,1200.0,1.0,505.0,10.0,15.0,110.0,10.0,AAPL,-862.7093200994948,10.0,0.0
2024-10-21 12:09:12+00:00,0.0,-400.0,0.0,0.0,0.0,0.0,0.0,0.0,0.0,0.0,AAPL,145.13846884305255,0.0,0.0
2024-10-21 12:09:13+00:00,0.0,200.0,-32.0,-372.0,0.0,0.0,0.0,0.0,0.0,0.0,AAPL,188.49402059220733,0.0,0.0
2024-10-21 12:09:14+00:00,0.0,200.0,0.0,0.0,0.0,0.0,0.0,0.0,0.0,0.0,AAPL,-9.773442780748383,0.0,0.0
2024-10-21 12:09:15+00:00,0.0,-227.0,1.0,0.0,0.0,0.0,0.0,0.0,0.0,0.0,AAPL,100.16291691536517,0.0,0.0
2024-10-21 12:09:16+00:00,0.0,0.0,0.0,0.0,0.0,0.0,0.0,0.0,0.0,0.0,AAPL,41.86386109385194,0.0,0.0
2024-10-21 12:09:17+00:00,0.0,0.0,0.0,0.0,0.0,0.0,0.0,0.0,0.0,0.0,AAPL,41.86386109385194,0.0,0.0
2024-10-21 12:09:18+00:00,0.0,226.0,426.0,0.0,0.0,0.0,0.0,0.0,0.0,0.0,AAPL,-148.24130872781382,0.0,0.0
2024-10-21 12:09:26+00:00,0.0,0.0,0.0,0.0,0.0,0.0,0.0,0.0,0.0,0.0,AAPL,41.86386109385194,0.0,0.0
2024-10-21 12:09:30+00:00,0.0,400.0,-30.0,-28.0,-1.0,-50.0,-600.0,-105.0,-63.0,-1.0,AAPL,182.42162576882956,0.0,0.0
2024-10-21 12:09:32+00:00,1.0,0.0,0.0,0.0,0.0,0.0,0.0,0.0,0.0,0.0,AAPL,41.825956425707666,1.0,0.0
2024-10-21 12:09:37+00:00,0.0,200.0,0.0,0.0,0.0,0.0,0.0,0.0,0.0,0.0,AAPL,-9.773442780748383,0.0,0.0
2024-10-21 12:09:38+00:00,2.0,11.0,200.0,26.0,1200.0,1.0,505.0,10.0,15.0,110.0,AAPL,-710.5565659407578,2.0,0.0
2024-10-21 12:09:42+00:00,0.0,0.0,0.0,0.0,0.0,0.0,0.0,0.0,0.0,0.0,AAPL,41.86386109385194,0.0,0.0
2024-10-21 12:09:43+00:00,0.0,10.0,11.0,200.0,26.0,1200.0,1.0,505.0,10.0,15.0,AAPL,-686.4048788212309,0.0,0.0
2024-10-21 12:09:45+00:00,0.0,0.0,0.0,0.0,0.0,0.0,0.0,0.0,0.0,100.0,AAPL,21.402214986593286,0.0,0.0
2024-10-21 12:09:48+00:00,0.0,200.0,0.0,0.0,0.0,0.0,0.0,0.0,0.0,0.0,AAPL,-9.773442780748383,0.0,0.0
2024-10-21 12:09:49+00:00,0.0,-200.0,0.0,0.0,0.0,0.0,0.0,0.0,0.0,0.0,AAPL,93.50116496845224,0.0,0.0
2024-10-21 12:09:53+00:00,-2.0,-10.0,189.0,-170.0,-26.0,-1200.0,-1.0,-505.0,-10.0,-100.0,AAPL,710.552835197032,-2.0,0.0
2024-10-21 12:09:54+00:00,0.0,200.0,0.0,0.0,0.0,0.0,0.0,0.0,0.0,0.0,AAPL,-9.773442780748383,0.0,0.0
2024-10-21 12:09:57+00:00,0.0,200.0,57.0,400.0,1.0,50.0,600.0,105.0,63.0,1.0,AAPL,-450.3268581970916,0.0,0.0
2024-10-21 12:10:00+00:00,0.0,0.0,0.0,0.0,0.0,0.0,0.0,0.0,0.0,0.0,AAPL,41.86386109385194,0.0,0.0
2024-10-21 12:10:01+00:00,0.0,200.0,373.0,-400.0,-1.0,-50.0,-600.0,-105.0,-63.0,-1.0,AAPL,297.7878198875951,0.0,0.0
2024-10-21 12:10:02+00:00,0.0,0.0,0.0,27.0,1.0,50.0,600.0,105.0,63.0,1.0,AAPL,-192.18361707532435,0.0,0.0
2024-10-21 12:10:03+00:00,0.0,400.0,400.0,-57.0,-1.0,-50.0,-600.0,-105.0,-63.0,-1.0,AAPL,64.11426015830536,0.0,0.0
2024-10-21 12:10:12+00:00,0.0,0.0,0.0,31.0,1.0,50.0,600.0,105.0,63.0,1.0,AAPL,-194.20910495635553,0.0,0.0
2024-10-21 12:10:13+00:00,0.0,0.0,-200.0,0.0,0.0,0.0,0.0,0.0,0.0,0.0,AAPL,103.72067632547981,0.0,0.0
2024-10-21 12:10:17+00:00,0.0,0.0,0.0,0.0,0.0,0.0,0.0,0.0,0.0,0.0,AAPL,41.86386109385194,0.0,0.0
2024-10-21 12:10:20+00:00,20.0,10.0,11.0,200.0,29.0,1200.0,1.0,505.0,10.0,100.0,AAPL,-705.8384396585346,20.0,0.0
2024-10-21 12:10:22+00:00,0.0,0.0,0.0,0.0,0.0,0.0,0.0,0.0,0.0,0.0,AAPL,41.86386109385194,0.0,0.0
2024-10-21 12:10:23+00:00,0.0,0.0,0.0,400.0,0.0,0.0,0.0,0.0,0.0,0.0,AAPL,-160.68492700926123,0.0,0.0
2024-10-21 12:10:24+00:00,0.0,0.0,0.0,400.0,0.0,0.0,0.0,0.0,0.0,0.0,AAPL,-160.68492700926123,0.0,0.0
2024-10-21 12:10:29+00:00,0.0,-10.0,-11.0,-400.0,-29.0,-1200.0,-1.0,-505.0,-10.0,-100.0,AAPL,890.0824625349101,0.0,0.0
2024-10-21 12:10:32+00:00,0.0,0.0,0.0,-1.0,0.0,0.0,0.0,0.0,0.0,0.0,AAPL,42.37023306410972,0.0,0.0
2024-10-21 12:10:36+00:00,0.0,0.0,0.0,-28.0,28.0,0.0,0.0,0.0,0.0,0.0,AAPL,44.06697228408251,0.0,0.0
2024-10-21 12:10:42+00:00,0.0,0.0,0.0,0.0,0.0,0.0,0.0,0.0,0.0,0.0,AAPL,41.86386109385194,0.0,0.0
2024-10-21 12:10:43+00:00,0.0,400.0,0.0,-28.0,-29.0,-50.0,-600.0,-105.0,-63.0,-1.0,AAPL,185.11840746107274,0.0,0.0
2024-10-21 12:10:45+00:00,0.0,0.0,200.0,0.0,0.0,0.0,0.0,0.0,0.0,0.0,AAPL,-19.992954137775943,0.0,0.0
2024-10-21 12:10:50+00:00,0.0,0.0,200.0,0.0,0.0,0.0,0.0,0.0,0.0,0.0,AAPL,-19.992954137775943,0.0,0.0
2024-10-21 12:10:52+00:00,0.0,0.0,0.0,0.0,-50.0,-600.0,-105.0,-63.0,-1.0,-2000.0,AAPL,752.8217405792709,0.0,0.0
2024-10-21 12:10:53+00:00,-20.0,-11.0,-200.0,-28.0,-1200.0,-1.0,-505.0,-10.0,-100.0,-15.0,AAPL,798.0245852697263,-20.0,0.0
2024-10-21 12:10:54+00:00,0.0,-28.0,-28.0,28.0,0.0,0.0,0.0,0.0,0.0,0.0,AAPL,43.574622601505965,0.0,0.0
2024-10-21 12:10:57+00:00,0.0,600.0,0.0,0.0,0.0,0.0,0.0,0.0,0.0,0.0,AAPL,-113.04805052994902,0.0,0.0
2024-10-21 12:10:59+00:00,0.0,0.0,3.0,0.0,0.0,0.0,0.0,0.0,0.0,0.0,AAPL,40.93600886537752,0.0,0.0
2024-10-21 12:11:00+00:00,0.0,226.0,396.0,0.0,0.0,0.0,0.0,0.0,0.0,0.0,AAPL,-138.96278644306963,0.0,0.0
2024-10-21 12:11:02+00:00,0.0,200.0,0.0,0.0,0.0,0.0,0.0,0.0,0.0,0.0,AAPL,-9.773442780748383,0.0,0.0
2024-10-21 12:11:08+00:00,0.0,-226.0,-26.0,0.0,0.0,0.0,0.0,0.0,0.0,0.0,AAPL,108.25540045226191,0.0,0.0
2024-10-21 12:11:10+00:00,0.0,400.0,0.0,0.0,0.0,0.0,0.0,0.0,0.0,0.0,AAPL,-61.4107466553487,0.0,0.0
2024-10-21 12:11:11+00:00,0.0,200.0,0.0,0.0,0.0,0.0,0.0,0.0,0.0,0.0,AAPL,-9.773442780748383,0.0,0.0
2024-10-21 12:11:18+00:00,0.0,200.0,0.0,0.0,0.0,0.0,0.0,0.0,0.0,0.0,AAPL,-9.773442780748383,0.0,0.0
2024-10-21 12:11:21+00:00,0.0,226.0,399.0,0.0,0.0,0.0,0.0,0.0,0.0,0.0,AAPL,-139.8906386715441,0.0,0.0
2024-10-21 12:11:22+00:00,0.0,-226.0,-26.0,-1200.0,-1.0,-505.0,-10.0,-100.0,-15.0,-110.0,AAPL,970.1266438983187,0.0,0.0
2024-10-21 12:11:23+00:00,0.0,0.0,30.0,1200.0,1.0,505.0,10.0,100.0,15.0,110.0,AAPL,-829.285904636949,0.0,0.0
2024-10-21 12:11:25+00:00,0.0,426.0,423.0,0.0,30.0,600.0,105.0,63.0,1.0,2000.0,AAPL,-901.3548513043677,0.0,0.0
2024-10-21 12:11:27+00:00,0.0,-26.0,-24.0,0.0,-30.0,-600.0,-105.0,-63.0,-1.0,-2000.0,AAPL,758.403619355773,0.0,0.0
2024-10-21 12:11:30+00:00,0.0,200.0,0.0,0.0,0.0,0.0,0.0,0.0,0.0,0.0,AAPL,-9.773442780748383,0.0,0.0
2024-10-21 12:11:34+00:00,0.0,200.0,0.0,0.0,0.0,0.0,0.0,0.0,0.0,0.0,AAPL,-9.773442780748383,0.0,0.0
2024-10-21 12:11:36+00:00,-1.0,0.0,0.0,0.0,0.0,0.0,0.0,0.0,0.0,0.0,AAPL,41.901765761996195,-1.0,0.0
2024-10-21 12:11:37+00:00,0.0,200.0,0.0,0.0,0.0,0.0,0.0,0.0,0.0,0.0,AAPL,-9.773442780748383,0.0,0.0
2024-10-21 12:11:40+00:00,0.0,200.0,0.0,0.0,0.0,0.0,0.0,0.0,0.0,0.0,AAPL,-9.773442780748383,0.0,0.0
2024-10-21 12:11:43+00:00,0.0,200.0,0.0,0.0,0.0,0.0,0.0,0.0,0.0,0.0,AAPL,-9.773442780748383,0.0,0.0
2024-10-21 12:11:45+00:00,0.0,200.0,0.0,0.0,0.0,0.0,0.0,0.0,0.0,0.0,AAPL,-9.773442780748383,0.0,0.0
2024-10-21 12:11:48+00:00,0.0,600.0,-1.0,0.0,0.0,0.0,0.0,0.0,0.0,0.0,AAPL,-112.7387664537909,0.0,0.0
2024-10-21 12:11:50+00:00,0.0,0.0,0.0,0.0,0.0,0.0,0.0,0.0,0.0,0.0,AAPL,41.86386109385194,0.0,0.0
2024-10-21 12:11:53+00:00,0.0,200.0,0.0,0.0,0.0,0.0,0.0,0.0,0.0,0.0,AAPL,-9.773442780748383,0.0,0.0
2024-10-21 12:11:56+00:00,0.0,200.0,0.0,0.0,0.0,0.0,0.0,0.0,0.0,0.0,AAPL,-9.773442780748383,0.0,0.0
2024-10-21 12:12:02+00:00,20.0,154.0,200.0,427.0,1.0,600.0,105.0,63.0,1.0,2000.0,AAPL,-966.733700309868,20.0,0.0
2024-10-21 12:12:08+00:00,-20.0,-354.0,-228.0,-1627.0,-2.0,-1105.0,-115.0,-163.0,-16.0,-2110.0,AAPL,1972.6299239506566,-20.0,0.0
2024-10-21 12:12:09+00:00,0.0,200.0,28.0,1200.0,1.0,505.0,10.0,100.0,15.0,110.0,AAPL,-880.3046403592332,0.0,0.0
2024-10-21 12:12:10+00:00,0.0,200.0,0.0,0.0,0.0,0.0,0.0,0.0,0.0,0.0,AAPL,-9.773442780748383,0.0,0.0
2024-10-21 12:12:22+00:00,0.0,200.0,0.0,0.0,0.0,0.0,0.0,0.0,0.0,0.0,AAPL,-9.773442780748383,0.0,0.0
2024-10-21 12:12:25+00:00,0.0,200.0,0.0,0.0,0.0,0.0,0.0,0.0,0.0,0.0,AAPL,-9.773442780748383,0.0,0.0
2024-10-21 12:12:28+00:00,0.0,400.0,0.0,0.0,0.0,0.0,0.0,0.0,0.0,0.0,AAPL,-61.4107466553487,0.0,0.0
2024-10-21 12:12:31+00:00,0.0,630.0,402.0,0.0,0.0,0.0,0.0,0.0,0.0,0.0,AAPL,-245.12584472671114,0.0,0.0
2024-10-21 12:12:41+00:00,0.0,200.0,0.0,0.0,0.0,0.0,0.0,0.0,0.0,0.0,AAPL,-9.773442780748383,0.0,0.0
2024-10-21 12:12:43+00:00,0.0,-230.0,-1.0,0.0,0.0,0.0,0.0,0.0,0.0,0.0,AAPL,101.55604462580042,0.0,0.0
2024-10-21 12:12:46+00:00,0.0,200.0,0.0,0.0,0.0,0.0,0.0,0.0,0.0,0.0,AAPL,-9.773442780748383,0.0,0.0
2024-10-21 12:12:47+00:00,0.0,0.0,0.0,0.0,0.0,0.0,0.0,0.0,0.0,0.0,AAPL,41.86386109385194,0.0,0.0
2024-10-21 12:12:48+00:00,30.0,-261.0,-229.0,-803.0,-478.0,139.0,-5.0,-52.0,-124.0,1880.0,AAPL,396.7776258368506,30.0,0.0
2024-10-21 12:12:49+00:00,0.0,0.0,0.0,28.0,505.0,10.0,100.0,15.0,110.0,10.0,AAPL,-252.1214237605013,0.0,0.0
2024-10-21 12:12:50+00:00,-200.0,626.0,1141.0,-427.0,-1.0,-600.0,-105.0,-63.0,-1.0,-2000.0,AAPL,441.14883152453257,-200.0,0.0
2024-10-21 12:12:51+00:00,0.0,0.0,0.0,0.0,0.0,0.0,0.0,0.0,0.0,0.0,AAPL,41.86386109385194,0.0,0.0
2024-10-21 12:12:52+00:00,0.0,0.0,0.0,0.0,0.0,0.0,0.0,0.0,0.0,0.0,AAPL,41.86386109385194,0.0,0.0
2024-10-21 12:12:53+00:00,0.0,1.0,0.0,0.0,0.0,0.0,0.0,0.0,0.0,0.0,AAPL,41.60567457447893,0.0,0.0
2024-10-21 12:12:59+00:00,200.0,26.0,0.0,0.0,0.0,0.0,0.0,0.0,0.0,0.0,AAPL,27.570077961301514,200.0,0.0
2024-10-21 12:13:11+00:00,0.0,-400.0,0.0,0.0,0.0,0.0,0.0,0.0,0.0,0.0,AAPL,145.13846884305255,0.0,0.0
2024-10-21 12:13:21+00:00,0.0,400.0,0.0,0.0,0.0,0.0,0.0,0.0,0.0,0.0,AAPL,-61.4107466553487,0.0,0.0
2024-10-21 12:13:22+00:00,0.0,400.0,0.0,0.0,0.0,0.0,0.0,0.0,0.0,0.0,AAPL,-61.4107466553487,0.0,0.0
2024-10-21 12:13:25+00:00,200.0,1.0,0.0,0.0,0.0,0.0,0.0,0.0,0.0,0.0,AAPL,34.024740945626554,200.0,0.0
2024-10-21 12:13:29+00:00,0.0,0.0,30.0,30.0,1.0,600.0,105.0,63.0,1.0,2000.0,AAPL,-672.606917824317,0.0,0.0
2024-10-21 12:13:32+00:00,200.0,-27.0,-1173.0,369.0,-505.0,-10.0,-100.0,-15.0,-110.0,-10.0,AAPL,496.9997974835815,200.0,0.0
2024-10-21 12:13:34+00:00,0.0,200.0,-27.0,-400.0,-1.0,-600.0,-105.0,-63.0,-1.0,-2000.0,AAPL,891.1271129043256,0.0,0.0
2024-10-21 12:13:35+00:00,400.0,0.0,200.0,0.0,0.0,0.0,0.0,0.0,0.0,0.0,AAPL,-35.15482139548072,400.0,0.0
2024-10-21 12:13:38+00:00,200.0,0.0,0.0,0.0,0.0,0.0,0.0,0.0,0.0,0.0,AAPL,34.28292746499956,200.0,0.0
2024-10-21 12:13:42+00:00,0.0,29.0,1171.0,1.0,505.0,10.0,100.0,15.0,110.0,10.0,AAPL,-608.1084428065394,0.0,0.0
2024-10-21 12:13:45+00:00,354.0,46.0,-316.0,1399.0,1.0,505.0,10.0,100.0,15.0,110.0,AAPL,-848.3364687817586,354.0,0.0
2024-10-21 12:13:46+00:00,-228.0,-29.0,-1229.0,-1201.0,-1106.0,-620.0,-173.0,-116.0,-2125.0,-122.0,AAPL,2400.8773683571358,-228.0,0.0
2024-10-21 12:13:47+00:00,0.0,27.0,1200.0,1.0,505.0,10.0,100.0,15.0,110.0,10.0,AAPL,-616.5613079763797,0.0,0.0
2024-10-21 12:13:48+00:00,200.0,200.0,1.0,27.0,600.0,105.0,63.0,1.0,2000.0,2.0,AAPL,-851.9249228454908,200.0,0.0
2024-10-21 12:13:54+00:00,0.0,200.0,0.0,0.0,0.0,0.0,0.0,0.0,0.0,0.0,AAPL,-9.773442780748383,0.0,0.0
2024-10-21 12:13:55+00:00,0.0,0.0,-28.0,-27.0,-600.0,-105.0,-63.0,-1.0,-2000.0,-2.0,AAPL,884.7850775860115,0.0,0.0
2024-10-21 12:13:56+00:00,0.0,173.0,-1200.0,-1.0,-505.0,-10.0,-100.0,-15.0,-110.0,-10.0,AAPL,648.6517262894832,0.0,0.0
2024-10-21 12:14:01+00:00,-27.0,0.0,55.0,1.0,600.0,105.0,63.0,1.0,2000.0,2.0,AAPL,-795.2189281879803,-27.0,0.0
2024-10-21 12:14:06+00:00,5.0,200.0,1200.0,1.0,505.0,10.0,100.0,15.0,110.0,10.0,AAPL,-661.4170991686301,5.0,0.0
2024-10-21 12:14:07+00:00,0.0,0.0,0.0,0.0,0.0,0.0,0.0,0.0,0.0,0.0,AAPL,41.86386109385194,0.0,0.0
2024-10-21 12:14:10+00:00,0.0,200.0,0.0,0.0,0.0,0.0,0.0,0.0,0.0,0.0,AAPL,-9.773442780748383,0.0,0.0
2024-10-21 12:14:17+00:00,0.0,200.0,0.0,0.0,0.0,0.0,0.0,0.0,0.0,0.0,AAPL,-9.773442780748383,0.0,0.0
2024-10-21 12:14:18+00:00,0.0,200.0,0.0,0.0,0.0,0.0,0.0,0.0,0.0,0.0,AAPL,-9.773442780748383,0.0,0.0
2024-10-21 12:14:21+00:00,0.0,173.0,-371.0,1199.0,-599.0,400.0,-53.0,99.0,-1985.0,108.0,AAPL,71.166333183965,0.0,0.0
2024-10-21 12:14:28+00:00,0.0,200.0,0.0,0.0,0.0,0.0,0.0,0.0,0.0,0.0,AAPL,-9.773442780748383,0.0,0.0
2024-10-21 12:14:37+00:00,0.0,200.0,0.0,0.0,0.0,0.0,0.0,0.0,0.0,0.0,AAPL,-9.773442780748383,0.0,0.0
2024-10-21 12:14:41+00:00,0.0,228.0,199.0,0.0,0.0,0.0,0.0,0.0,0.0,0.0,AAPL,-78.55019647866217,0.0,0.0
2024-10-21 12:14:43+00:00,0.0,200.0,1.0,28.0,600.0,105.0,63.0,1.0,2000.0,2.0,AAPL,-844.8503611868963,0.0,0.0
2024-10-21 12:14:49+00:00,0.0,-200.0,0.0,0.0,0.0,0.0,0.0,0.0,0.0,0.0,AAPL,93.50116496845224,0.0,0.0
2024-10-21 12:14:52+00:00,0.0,400.0,-29.0,-28.0,-600.0,-105.0,-63.0,-1.0,-2000.0,-2.0,AAPL,782.326125883227,0.0,0.0
2024-10-21 12:14:53+00:00,0.0,-200.0,0.0,0.0,0.0,0.0,0.0,0.0,0.0,0.0,AAPL,93.50116496845224,0.0,0.0
2024-10-21 12:14:59+00:00,0.0,200.0,0.0,0.0,0.0,0.0,0.0,0.0,0.0,0.0,AAPL,-9.773442780748383,0.0,0.0
2024-10-21 12:15:05+00:00,0.0,200.0,0.0,0.0,0.0,0.0,0.0,0.0,0.0,0.0,AAPL,-9.773442780748383,0.0,0.0
2024-10-21 12:15:08+00:00,0.0,-200.0,0.0,0.0,0.0,0.0,0.0,0.0,0.0,0.0,AAPL,93.50116496845224,0.0,0.0
2024-10-21 12:15:12+00:00,427.0,570.0,1.0,-400.0,-1.0,-505.0,-10.0,-100.0,-15.0,-110.0,AAPL,334.97663491731345,427.0,0.0
2024-10-21 12:15:13+00:00,0.0,-200.0,0.0,1200.0,1.0,505.0,10.0,100.0,15.0,110.0,AAPL,-768.3700784776047,0.0,0.0
2024-10-21 12:15:14+00:00,400.0,200.0,27.0,0.0,0.0,0.0,0.0,0.0,0.0,0.0,AAPL,-33.28598009472292,400.0,0.0
2024-10-21 12:15:15+00:00,0.0,600.0,0.0,0.0,0.0,0.0,0.0,0.0,0.0,0.0,AAPL,-113.04805052994902,0.0,0.0
2024-10-21 12:15:17+00:00,0.0,0.0,0.0,27.0,600.0,105.0,63.0,1.0,2000.0,2.0,AAPL,-792.3974012658798,0.0,0.0
2024-10-21 12:15:24+00:00,200.0,600.0,-28.0,-27.0,-600.0,-105.0,-63.0,-1.0,-2000.0,-2.0,AAPL,722.2922323333585,200.0,0.0
2024-10-21 12:15:27+00:00,0.0,-200.0,0.0,0.0,0.0,0.0,0.0,0.0,0.0,0.0,AAPL,93.50116496845224,0.0,0.0
2024-10-21 12:15:29+00:00,169.0,-176.0,-657.0,-1200.0,-1.0,-505.0,-10.0,-100.0,-15.0,-110.0,AAPL,1145.969681069074,169.0,0.0
2024-10-21 12:15:38+00:00,0.0,0.0,0.0,0.0,0.0,0.0,0.0,0.0,0.0,0.0,AAPL,41.86386109385194,0.0,0.0
2024-10-21 12:15:39+00:00,372.0,400.0,-1172.0,0.0,0.0,0.0,0.0,0.0,0.0,0.0,AAPL,286.96965405232527,372.0,0.0
2024-10-21 12:15:40+00:00,-400.0,0.0,30.0,27.0,600.0,105.0,63.0,1.0,2000.0,2.0,AAPL,-786.514056292919,-400.0,0.0
2024-10-21 12:15:43+00:00,-200.0,400.0,-28.0,26.0,-505.0,-10.0,-100.0,-15.0,-110.0,-10.0,AAPL,221.47133956636466,-200.0,0.0
2024-10-21 12:15:46+00:00,-200.0,0.0,0.0,30.0,0.0,0.0,0.0,0.0,0.0,0.0,AAPL,34.25363561497085,-200.0,0.0
2024-10-21 12:15:50+00:00,200.0,0.0,0.0,0.0,0.0,0.0,0.0,0.0,0.0,0.0,AAPL,34.28292746499956,200.0,0.0
2024-10-21 12:15:55+00:00,200.0,29.0,1170.0,1.0,505.0,10.0,100.0,15.0,110.0,10.0,AAPL,-615.3800923592339,200.0,0.0
2024-10-21 12:16:00+00:00,200.0,0.0,0.0,0.0,0.0,0.0,0.0,0.0,0.0,0.0,AAPL,34.28292746499956,200.0,0.0
2024-10-21 12:16:02+00:00,0.0,0.0,-27.0,-30.0,-600.0,-105.0,-63.0,-1.0,-2000.0,-2.0,AAPL,885.9949094206269,0.0,0.0
2024-10-21 12:16:04+00:00,200.0,0.0,0.0,0.0,0.0,0.0,0.0,0.0,0.0,0.0,AAPL,34.28292746499956,200.0,0.0
2024-10-21 12:16:08+00:00,0.0,0.0,0.0,0.0,0.0,0.0,0.0,0.0,0.0,0.0,AAPL,41.86386109385194,0.0,0.0
2024-10-21 12:16:09+00:00,400.0,-29.0,-1170.0,0.0,0.0,0.0,0.0,0.0,0.0,0.0,AAPL,396.05177200298743,400.0,0.0
2024-10-21 12:16:10+00:00,200.0,0.0,56.0,1.0,600.0,105.0,63.0,1.0,2000.0,2.0,AAPL,-804.1325719328856,200.0,0.0
2024-10-21 12:16:12+00:00,200.0,0.0,0.0,0.0,0.0,0.0,0.0,0.0,0.0,0.0,AAPL,34.28292746499956,200.0,0.0
2024-10-21 12:16:13+00:00,200.0,0.0,0.0,0.0,0.0,0.0,0.0,0.0,0.0,0.0,AAPL,34.28292746499956,200.0,0.0
2024-10-21 12:16:14+00:00,200.0,0.0,0.0,0.0,0.0,0.0,0.0,0.0,0.0,0.0,AAPL,34.28292746499956,200.0,0.0
2024-10-21 12:16:20+00:00,400.0,0.0,0.0,0.0,0.0,0.0,0.0,0.0,0.0,0.0,AAPL,26.701993836147164,400.0,0.0
2024-10-21 12:16:34+00:00,0.0,0.0,1.0,0.0,0.0,0.0,0.0,0.0,0.0,0.0,AAPL,41.55457701769379,0.0,0.0
2024-10-21 12:16:35+00:00,0.0,0.0,-2.0,0.0,0.0,0.0,0.0,0.0,0.0,0.0,AAPL,42.48242924616822,0.0,0.0
2024-10-21 12:16:36+00:00,0.0,100.0,400.0,30.0,1.0,600.0,105.0,63.0,1.0,2000.0,AAPL,-812.8606779401287,0.0,0.0
2024-10-21 12:16:37+00:00,0.0,0.0,-1.0,0.0,0.0,0.0,0.0,0.0,0.0,0.0,AAPL,42.17314517001007,0.0,0.0
2024-10-21 12:16:41+00:00,-200.0,-1000.0,0.0,0.0,0.0,0.0,0.0,0.0,0.0,0.0,AAPL,307.6313140957061,-200.0,0.0
2024-10-21 12:16:42+00:00,0.0,0.0,0.0,0.0,0.0,100.0,600.0,105.0,63.0,1.0,AAPL,-197.77051322391495,0.0,0.0
2024-10-21 12:16:44+00:00,218.0,1400.0,100.0,427.0,400.0,1.0,100.0,600.0,105.0,63.0,AAPL,-968.3399333220871,218.0,0.0
2024-10-21 12:16:47+00:00,-200.0,-800.0,-27.0,-1.0,-505.0,-10.0,-100.0,-15.0,-110.0,-10.0,AAPL,544.6579219347686,-200.0,0.0
2024-10-21 12:16:48+00:00,0.0,400.0,29.0,73.0,0.0,0.0,0.0,0.0,0.0,0.0,AAPL,-107.34513869275291,0.0,0.0
2024-10-21 12:16:49+00:00,182.0,-229.0,-129.0,-500.0,-401.0,-101.0,-700.0,-705.0,-168.0,-64.0,AAPL,1020.565829849222,182.0,0.0
2024-10-21 12:16:50+00:00,200.0,0.0,0.0,-27.0,0.0,0.0,0.0,0.0,0.0,0.0,AAPL,47.954970661959685,200.0,0.0
2024-10-21 12:16:51+00:00,141.0,1400.0,27.0,1.0,505.0,10.0,100.0,15.0,110.0,10.0,AAPL,-613.6057359503542,141.0,0.0
2024-10-21 12:16:54+00:00,0.0,0.0,0.0,57.0,1.0,100.0,600.0,105.0,63.0,1.0,AAPL,-227.06140495635816,0.0,0.0
2024-10-21 12:17:02+00:00,600.0,427.0,1427.0,1200.0,1.0,505.0,10.0,100.0,15.0,110.0,AAPL,-1394.344203688699,600.0,0.0
2024-10-21 12:17:04+00:00,0.0,0.0,0.0,-4.0,0.0,0.0,0.0,0.0,0.0,0.0,AAPL,43.88934897488308,0.0,0.0
2024-10-21 12:17:06+00:00,0.0,0.0,0.0,0.0,0.0,0.0,0.0,0.0,0.0,0.0,AAPL,41.86386109385194,0.0,0.0
2024-10-21 12:17:07+00:00,0.0,200.0,0.0,0.0,0.0,0.0,0.0,0.0,0.0,0.0,AAPL,-9.773442780748383,0.0,0.0
2024-10-21 12:17:10+00:00,0.0,0.0,0.0,0.0,0.0,0.0,0.0,0.0,0.0,0.0,AAPL,41.86386109385194,0.0,0.0
2024-10-21 12:17:16+00:00,0.0,200.0,0.0,0.0,0.0,0.0,0.0,0.0,0.0,0.0,AAPL,-9.773442780748383,0.0,0.0
2024-10-21 12:17:18+00:00,10.0,141.0,200.0,27.0,1200.0,1.0,505.0,10.0,100.0,15.0,AAPL,-746.9756919488119,10.0,0.0
2024-10-21 12:17:20+00:00,200.0,0.0,0.0,0.0,0.0,0.0,0.0,0.0,0.0,0.0,AAPL,34.28292746499956,200.0,0.0
2024-10-21 12:17:21+00:00,-200.0,-100.0,200.0,0.0,0.0,0.0,0.0,0.0,0.0,0.0,AAPL,13.406631428376606,-200.0,0.0
2024-10-21 12:17:22+00:00,50.0,-100.0,400.0,0.0,0.0,0.0,0.0,0.0,0.0,0.0,AAPL,-57.92635083931677,50.0,0.0
2024-10-21 12:17:24+00:00,0.0,172.0,128.0,374.0,0.0,0.0,0.0,0.0,0.0,0.0,AAPL,-231.51569886295698,0.0,0.0
2024-10-21 12:17:26+00:00,0.0,200.0,55.0,100.0,400.0,1.0,100.0,600.0,105.0,63.0,AAPL,-470.75147471762494,0.0,0.0
2024-10-21 12:17:30+00:00,0.0,-200.0,-27.0,-100.0,-371.0,0.0,0.0,0.0,0.0,0.0,AAPL,311.16180974558284,0.0,0.0
2024-10-21 12:17:33+00:00,0.0,400.0,-171.0,100.0,400.0,0.0,0.0,0.0,0.0,0.0,AAPL,-230.23613775790452,0.0,0.0
2024-10-21 12:17:35+00:00,0.0,200.0,-29.0,-100.0,-372.0,0.0,0.0,0.0,0.0,0.0,AAPL,208.93345957644797,0.0,0.0
2024-10-21 12:17:37+00:00,0.0,0.0,400.0,0.0,0.0,0.0,0.0,0.0,0.0,0.0,AAPL,-81.84976936940383,0.0,0.0
2024-10-21 12:17:38+00:00,0.0,200.0,0.0,0.0,0.0,0.0,0.0,0.0,0.0,0.0,AAPL,-9.773442780748383,0.0,0.0
2024-10-21 12:17:39+00:00,0.0,0.0,-27.0,0.0,-28.0,-1.0,-100.0,-600.0,-105.0,-63.0,AAPL,284.4442747496902,0.0,0.0
2024-10-21 12:17:47+00:00,-251.0,-1303.0,-1634.0,-1527.0,-1001.0,-506.0,-515.0,-110.0,-115.0,-125.0,AAPL,2511.609488854965,-251.0,0.0
2024-10-21 12:17:57+00:00,0.0,400.0,27.0,0.0,0.0,0.0,0.0,0.0,0.0,0.0,AAPL,-69.76141671161848,0.0,0.0
2024-10-21 12:17:58+00:00,0.0,200.0,0.0,0.0,0.0,0.0,0.0,0.0,0.0,0.0,AAPL,-9.773442780748383,0.0,0.0
2024-10-21 12:18:00+00:00,0.0,-200.0,-29.0,0.0,0.0,0.0,0.0,0.0,0.0,0.0,AAPL,102.47040317703829,0.0,0.0
2024-10-21 12:18:01+00:00,0.0,200.0,0.0,0.0,0.0,0.0,0.0,0.0,0.0,0.0,AAPL,-9.773442780748383,0.0,0.0
2024-10-21 12:18:02+00:00,0.0,200.0,0.0,0.0,0.0,0.0,0.0,0.0,0.0,0.0,AAPL,-9.773442780748383,0.0,0.0
2024-10-21 12:18:03+00:00,0.0,226.0,-2.0,0.0,0.0,0.0,0.0,0.0,0.0,0.0,AAPL,-15.867724132130148,0.0,0.0
2024-10-21 12:18:04+00:00,0.0,200.0,0.0,0.0,0.0,0.0,0.0,0.0,0.0,0.0,AAPL,-9.773442780748383,0.0,0.0
2024-10-21 12:18:05+00:00,0.0,0.0,0.0,0.0,0.0,0.0,0.0,0.0,0.0,0.0,AAPL,41.86386109385194,0.0,0.0
2024-10-21 12:18:08+00:00,0.0,200.0,0.0,0.0,0.0,0.0,0.0,0.0,0.0,0.0,AAPL,-9.773442780748383,0.0,0.0
2024-10-21 12:18:10+00:00,0.0,200.0,0.0,0.0,0.0,0.0,0.0,0.0,0.0,0.0,AAPL,-9.773442780748383,0.0,0.0
2024-10-21 12:18:11+00:00,0.0,-200.0,0.0,0.0,0.0,0.0,0.0,0.0,0.0,0.0,AAPL,93.50116496845224,0.0,0.0
2024-10-21 12:18:20+00:00,200.0,250.0,56.0,100.0,400.0,1.0,100.0,600.0,105.0,63.0,AAPL,-491.55101839128554,200.0,0.0
2024-10-21 12:18:30+00:00,400.0,0.0,0.0,0.0,0.0,0.0,0.0,0.0,0.0,0.0,AAPL,26.701993836147164,400.0,0.0
2024-10-21 12:18:38+00:00,0.0,-226.0,1.0,-1.0,-505.0,-10.0,-100.0,-15.0,-110.0,-10.0,AAPL,380.2179720533852,0.0,0.0
2024-10-21 12:18:40+00:00,0.0,0.0,-2.0,0.0,0.0,0.0,0.0,0.0,0.0,0.0,AAPL,42.48242924616822,0.0,0.0
2024-10-21 12:18:41+00:00,200.0,1230.0,205.0,1.0,505.0,10.0,100.0,15.0,110.0,10.0,AAPL,-627.002968633604,200.0,0.0
2024-10-21 12:18:44+00:00,0.0,-1230.0,-3.0,-1.0,-505.0,-10.0,-100.0,-15.0,-110.0,-10.0,AAPL,640.6743738085117,0.0,0.0
2024-10-21 12:18:47+00:00,600.0,1000.0,1.0,28.0,505.0,10.0,100.0,15.0,110.0,10.0,AAPL,-533.3600280962183,600.0,0.0
2024-10-21 12:18:48+00:00,-200.0,-1000.0,144.0,-128.0,-905.0,-11.0,-200.0,-615.0,-215.0,-73.0,AAPL,1001.0470997314661,-200.0,0.0
2024-10-21 12:18:49+00:00,0.0,0.0,56.0,100.0,400.0,1.0,100.0,600.0,105.0,63.0,AAPL,-419.4234549191828,0.0,0.0
2024-10-21 12:18:51+00:00,0.0,400.0,3.0,0.0,0.0,0.0,0.0,0.0,0.0,0.0,AAPL,-62.33859888382314,0.0,0.0
2024-10-21 12:18:53+00:00,0.0,0.0,0.0,27.0,505.0,10.0,100.0,15.0,110.0,10.0,AAPL,-251.61505179024348,0.0,0.0
2024-10-21 12:19:00+00:00,200.0,1200.0,27.0,-27.0,-505.0,-10.0,-100.0,-15.0,-110.0,-10.0,AAPL,9.587347045223332,200.0,0.0
2024-10-21 12:19:02+00:00,-200.0,-1200.0,172.0,0.0,0.0,0.0,0.0,0.0,0.0,0.0,AAPL,306.07175687110634,-200.0,0.0
2024-10-21 12:19:05+00:00,200.0,1200.0,28.0,0.0,0.0,0.0,0.0,0.0,0.0,0.0,AAPL,-284.2008499150303,200.0,0.0
2024-10-21 12:19:06+00:00,200.0,0.0,0.0,0.0,0.0,0.0,0.0,0.0,0.0,0.0,AAPL,34.28292746499956,200.0,0.0
2024-10-21 12:19:07+00:00,-200.0,-1000.0,-1.0,-505.0,-10.0,-100.0,-15.0,-110.0,-10.0,-110.0,AAPL,664.9185990748942,-200.0,0.0
2024-10-21 12:19:08+00:00,0.0,0.0,0.0,0.0,0.0,0.0,0.0,0.0,0.0,0.0,AAPL,41.86386109385194,0.0,0.0
2024-10-21 12:19:10+00:00,0.0,200.0,28.0,505.0,10.0,100.0,15.0,110.0,10.0,110.0,AAPL,-375.41139781620626,0.0,0.0
2024-10-21 12:19:14+00:00,0.0,200.0,0.0,0.0,0.0,0.0,0.0,0.0,0.0,0.0,AAPL,-9.773442780748383,0.0,0.0
2024-10-21 12:19:21+00:00,0.0,0.0,0.0,0.0,0.0,0.0,0.0,100.0,0.0,0.0,AAPL,15.813706124235074,0.0,0.0
2024-10-21 12:19:31+00:00,-200.0,-23.0,6.0,1.0,505.0,10.0,100.0,15.0,110.0,10.0,AAPL,-226.78586144605856,-200.0,0.0
2024-10-21 12:19:35+00:00,0.0,-200.0,0.0,0.0,0.0,0.0,0.0,0.0,0.0,0.0,AAPL,93.50116496845224,0.0,0.0
2024-10-21 12:19:38+00:00,200.0,1200.0,0.0,0.0,0.0,0.0,0.0,0.0,0.0,0.0,AAPL,-275.54089578260243,200.0,0.0
2024-10-21 12:19:40+00:00,0.0,200.0,0.0,0.0,0.0,0.0,0.0,0.0,0.0,0.0,AAPL,-9.773442780748383,0.0,0.0
2024-10-21 12:19:42+00:00,-200.0,-1000.0,0.0,0.0,0.0,0.0,0.0,0.0,0.0,0.0,AAPL,307.6313140957061,-200.0,0.0
2024-10-21 12:19:45+00:00,200.0,1200.0,0.0,0.0,0.0,0.0,0.0,0.0,0.0,0.0,AAPL,-275.54089578260243,200.0,0.0
2024-10-21 12:19:57+00:00,200.0,0.0,0.0,0.0,0.0,0.0,0.0,0.0,0.0,0.0,AAPL,34.28292746499956,200.0,0.0
2024-10-21 12:20:02+00:00,200.0,200.0,27.0,0.0,0.0,0.0,0.0,0.0,0.0,0.0,AAPL,-25.705046465870534,200.0,0.0
2024-10-21 12:20:17+00:00,0.0,0.0,0.0,0.0,0.0,0.0,0.0,0.0,0.0,0.0,AAPL,41.86386109385194,0.0,0.0
2024-10-21 12:20:18+00:00,200.0,0.0,0.0,0.0,0.0,0.0,0.0,0.0,0.0,0.0,AAPL,34.28292746499956,200.0,0.0
2024-10-21 12:20:26+00:00,-200.0,-1000.0,0.0,0.0,0.0,0.0,0.0,0.0,0.0,0.0,AAPL,307.6313140957061,-200.0,0.0
2024-10-21 12:20:29+00:00,5.0,1400.0,400.0,30.0,1.0,505.0,10.0,100.0,15.0,110.0,AAPL,-712.9164580767782,5.0,0.0
2024-10-21 12:20:32+00:00,200.0,450.0,0.0,0.0,0.0,0.0,0.0,0.0,0.0,0.0,AAPL,-81.9010062528512,200.0,0.0
2024-10-21 12:20:33+00:00,200.0,0.0,0.0,0.0,0.0,0.0,0.0,0.0,0.0,0.0,AAPL,34.28292746499956,200.0,0.0
2024-10-21 12:20:34+00:00,-200.0,0.0,0.0,0.0,0.0,0.0,0.0,0.0,0.0,0.0,AAPL,49.44479472270432,-200.0,0.0
2024-10-21 12:20:53+00:00,750.0,5.0,1200.0,400.0,30.0,1.0,505.0,10.0,100.0,15.0,AAPL,-737.6759703381584,750.0,0.0
2024-10-21 12:20:54+00:00,600.0,600.0,599.0,1126.0,770.0,-1.0,-100.0,-500.0,-105.0,-63.0,AAPL,-1024.3434262596836,600.0,0.0
2024-10-21 12:20:56+00:00,-200.0,350.0,0.0,0.0,0.0,0.0,0.0,0.0,0.0,0.0,AAPL,-40.92048705784623,-200.0,0.0
2024-10-21 12:21:00+00:00,0.0,0.0,-26.0,0.0,0.0,0.0,0.0,0.0,0.0,0.0,AAPL,49.905247073963565,0.0,0.0
2024-10-21 12:21:01+00:00,0.0,0.0,0.0,0.0,0.0,0.0,0.0,0.0,0.0,0.0,AAPL,41.86386109385194,0.0,0.0
2024-10-21 12:21:06+00:00,0.0,0.0,0.0,-26.0,-1170.0,0.0,0.0,0.0,0.0,0.0,AAPL,555.4261627875261,0.0,0.0
2024-10-21 12:21:07+00:00,0.0,0.0,0.0,0.0,29.0,0.0,0.0,0.0,0.0,0.0,AAPL,29.46086768911504,0.0,0.0
2024-10-21 12:21:08+00:00,100.0,0.0,600.0,0.0,0.0,0.0,0.0,0.0,0.0,0.0,AAPL,-147.49705141545795,100.0,0.0
2024-10-21 12:21:09+00:00,0.0,0.0,26.0,100.0,400.0,1.0,100.0,500.0,105.0,63.0,AAPL,-384.09477766482166,0.0,0.0
2024-10-21 12:21:13+00:00,-100.0,0.0,0.0,0.0,0.0,0.0,0.0,0.0,0.0,0.0,AAPL,45.65432790827813,-100.0,0.0
2024-10-21 12:21:16+00:00,0.0,0.0,-200.0,0.0,0.0,0.0,0.0,0.0,0.0,0.0,AAPL,103.72067632547981,0.0,0.0
2024-10-21 12:21:17+00:00,0.0,0.0,200.0,0.0,0.0,0.0,0.0,0.0,0.0,0.0,AAPL,-19.992954137775943,0.0,0.0
2024-10-21 12:21:18+00:00,0.0,200.0,400.0,0.0,-29.0,-1.0,-505.0,-10.0,-100.0,-15.0,AAPL,42.21595556231484,0.0,0.0
2024-10-21 12:21:21+00:00,0.0,-200.0,0.0,0.0,0.0,0.0,0.0,0.0,0.0,0.0,AAPL,93.50116496845224,0.0,0.0
2024-10-21 12:21:26+00:00,0.0,600.0,800.0,0.0,0.0,0.0,0.0,0.0,0.0,0.0,AAPL,-360.47531145646053,0.0,0.0
2024-10-21 12:21:28+00:00,0.0,0.0,400.0,0.0,0.0,0.0,0.0,0.0,0.0,0.0,AAPL,-81.84976936940383,0.0,0.0
2024-10-21 12:21:29+00:00,0.0,0.0,0.0,0.0,29.0,1.0,505.0,10.0,100.0,15.0,AAPL,-133.839167712467,0.0,0.0
2024-10-21 12:21:43+00:00,0.0,-600.0,0.0,0.0,0.0,0.0,0.0,0.0,0.0,0.0,AAPL,196.77577271765296,0.0,0.0
2024-10-21 12:21:45+00:00,0.0,0.0,400.0,29.0,-29.0,-1.0,-505.0,-10.0,-100.0,-15.0,AAPL,79.16847229943946,0.0,0.0
2024-10-21 12:21:48+00:00,0.0,-426.0,174.0,-103.0,800.0,0.0,405.0,-490.0,-5.0,-48.0,AAPL,-159.05509091647053,0.0,0.0
2024-10-21 12:21:49+00:00,0.0,400.0,0.0,0.0,0.0,0.0,0.0,0.0,0.0,0.0,AAPL,-61.4107466553487,0.0,0.0
2024-10-21 12:21:53+00:00,0.0,0.0,400.0,0.0,0.0,0.0,0.0,0.0,0.0,0.0,AAPL,-81.84976936940383,0.0,0.0
2024-10-21 12:21:55+00:00,0.0,0.0,0.0,0.0,0.0,0.0,0.0,0.0,0.0,0.0,AAPL,41.86386109385194,0.0,0.0
2024-10-21 12:22:01+00:00,0.0,200.0,0.0,0.0,0.0,0.0,0.0,0.0,0.0,0.0,AAPL,-9.773442780748383,0.0,0.0
2024-10-21 12:22:03+00:00,-750.0,-405.0,-400.0,-26.0,-1200.0,-1.0,-505.0,-10.0,-100.0,-15.0,AAPL,988.2645529391124,-750.0,0.0
2024-10-21 12:22:09+00:00,0.0,0.0,28.0,100.0,400.0,1.0,100.0,500.0,105.0,63.0,AAPL,-384.713345817138,0.0,0.0
2024-10-21 12:22:16+00:00,0.0,28.0,-26.0,-1200.0,-1.0,-505.0,-10.0,-100.0,-15.0,-110.0,AAPL,904.5472679775763,0.0,0.0
2024-10-21 12:22:20+00:00,0.0,429.0,-28.0,-100.0,-400.0,-1.0,-100.0,-500.0,-105.0,-63.0,AAPL,357.679051193824,0.0,0.0
2024-10-21 12:22:21+00:00,0.0,200.0,29.0,1200.0,1.0,505.0,10.0,100.0,15.0,110.0,AAPL,-880.6139244353913,0.0,0.0
2024-10-21 12:22:22+00:00,0.0,0.0,27.0,100.0,400.0,1.0,100.0,500.0,105.0,63.0,AAPL,-384.4040617409798,0.0,0.0
2024-10-21 12:22:23+00:00,148.0,405.0,200.0,29.0,1200.0,1.0,505.0,10.0,100.0,15.0,AAPL,-821.3805212077082,148.0,0.0
2024-10-21 12:22:26+00:00,0.0,-200.0,200.0,0.0,0.0,0.0,0.0,0.0,0.0,0.0,AAPL,31.644349736824374,0.0,0.0
2024-10-21 12:22:29+00:00,0.0,0.0,200.0,0.0,0.0,0.0,0.0,0.0,0.0,0.0,AAPL,-19.992954137775943,0.0,0.0
2024-10-21 12:22:36+00:00,0.0,0.0,-1.0,0.0,0.0,0.0,0.0,0.0,0.0,0.0,AAPL,42.17314517001007,0.0,0.0
2024-10-21 12:22:40+00:00,0.0,0.0,0.0,0.0,0.0,0.0,0.0,0.0,0.0,0.0,AAPL,41.86386109385194,0.0,0.0
2024-10-21 12:23:09+00:00,727.0,600.0,179.0,-103.0,-371.0,0.0,0.0,0.0,0.0,0.0,AAPL,14.862496728499702,727.0,0.0
2024-10-21 12:23:11+00:00,-200.0,-200.0,0.0,0.0,0.0,0.0,0.0,0.0,0.0,0.0,AAPL,101.08209859730465,-200.0,0.0
2024-10-21 12:23:12+00:00,0.0,200.0,0.0,0.0,-29.0,-1.0,-100.0,-500.0,-105.0,-63.0,AAPL,198.8338352769528,0.0,0.0
2024-10-21 12:23:13+00:00,0.0,0.0,0.0,0.0,27.0,1.0,100.0,500.0,105.0,63.0,AAPL,-165.88803810835014,0.0,0.0
2024-10-21 12:23:14+00:00,0.0,200.0,-5.0,-26.0,-1200.0,-1.0,-505.0,-10.0,-100.0,-15.0,AAPL,681.4659975277852,0.0,0.0
2024-10-21 12:23:24+00:00,0.0,400.0,5.0,29.0,1173.0,0.0,405.0,-490.0,-5.0,-48.0,AAPL,-546.417403672453,0.0,0.0
2024-10-21 12:23:25+00:00,0.0,0.0,0.0,0.0,29.0,1.0,100.0,500.0,105.0,63.0,AAPL,-166.74341696384926,0.0,0.0
2024-10-21 12:23:26+00:00,0.0,0.0,0.0,0.0,-29.0,-1.0,-100.0,-500.0,-105.0,-63.0,AAPL,250.47113915155316,0.0,0.0
2024-10-21 12:23:29+00:00,0.0,0.0,0.0,0.0,26.0,1.0,100.0,500.0,105.0,63.0,AAPL,-165.46034868060053,0.0,0.0
2024-10-21 12:23:31+00:00,0.0,200.0,0.0,0.0,0.0,0.0,0.0,0.0,0.0,0.0,AAPL,-9.773442780748383,0.0,0.0
2024-10-21 12:23:33+00:00,0.0,200.0,-5.0,-29.0,-1200.0,-1.0,-505.0,-10.0,-100.0,-15.0,AAPL,682.9851134385583,0.0,0.0
2024-10-21 12:23:34+00:00,0.0,0.0,0.0,0.0,1.0,0.0,0.0,0.0,0.0,0.0,AAPL,41.436171666102396,0.0,0.0
2024-10-21 12:23:35+00:00,-661.0,-275.0,-29.0,-400.0,0.0,0.0,0.0,0.0,0.0,0.0,AAPL,349.43816587648377,-661.0,0.0
2024-10-21 12:23:36+00:00,0.0,0.0,800.0,1227.0,1200.0,1.0,505.0,10.0,100.0,15.0,AAPL,-1503.4091560399993,0.0,0.0
2024-10-21 12:23:37+00:00,0.0,600.0,0.0,0.0,0.0,0.0,0.0,0.0,0.0,0.0,AAPL,-113.04805052994902,0.0,0.0
2024-10-21 12:23:39+00:00,0.0,0.0,30.0,100.0,373.0,0.0,0.0,0.0,0.0,0.0,AAPL,-177.58001476725204,0.0,0.0
2024-10-21 12:23:40+00:00,0.0,200.0,5.0,1.0,0.0,0.0,0.0,0.0,0.0,0.0,AAPL,-11.826235131796865,0.0,0.0
2024-10-21 12:23:53+00:00,0.0,0.0,0.0,0.0,0.0,0.0,0.0,0.0,0.0,0.0,AAPL,41.86386109385194,0.0,0.0
2024-10-21 12:23:56+00:00,-119.0,-123.0,-234.0,-28.0,-1200.0,-1.0,-505.0,-10.0,-100.0,-15.0,AAPL,841.2096961751611,-119.0,0.0
2024-10-21 12:23:59+00:00,0.0,-458.0,-1229.0,-1300.0,-374.0,-1.0,-100.0,-500.0,-105.0,-63.0,AAPL,1554.6671085314536,0.0,0.0
2024-10-21 12:24:00+00:00,0.0,600.0,1226.0,127.0,373.0,-504.0,90.0,400.0,90.0,-47.0,AAPL,-658.4748196171446,0.0,0.0
2024-10-21 12:24:02+00:00,0.0,-200.0,0.0,0.0,0.0,0.0,0.0,0.0,0.0,0.0,AAPL,93.50116496845224,0.0,0.0
2024-10-21 12:24:03+00:00,0.0,400.0,0.0,0.0,0.0,0.0,0.0,0.0,0.0,0.0,AAPL,-61.4107466553487,0.0,0.0
2024-10-21 12:24:12+00:00,0.0,-198.0,-799.0,-28.0,-505.0,-10.0,-100.0,-15.0,-110.0,-10.0,AAPL,634.0880536344132,0.0,0.0
2024-10-21 12:24:13+00:00,0.0,200.0,1373.0,631.0,505.0,10.0,100.0,15.0,110.0,10.0,AAPL,-1033.7480622656701,0.0,0.0
2024-10-21 12:24:15+00:00,0.0,0.0,-27.0,-100.0,-400.0,-1.0,-100.0,-500.0,-105.0,-63.0,AAPL,468.13178392868343,0.0,0.0
2024-10-21 12:24:17+00:00,0.0,0.0,27.0,100.0,400.0,1.0,100.0,500.0,105.0,63.0,AAPL,-384.4040617409798,0.0,0.0
2024-10-21 12:24:18+00:00,100.0,0.0,0.0,0.0,0.0,0.0,0.0,0.0,0.0,0.0,AAPL,38.073394279425756,100.0,0.0
2024-10-21 12:24:25+00:00,0.0,0.0,-1.0,0.0,0.0,0.0,0.0,0.0,0.0,0.0,AAPL,42.17314517001007,0.0,0.0
2024-10-21 12:24:33+00:00,0.0,0.0,0.0,0.0,0.0,0.0,0.0,0.0,0.0,0.0,AAPL,41.86386109385194,0.0,0.0
2024-10-21 12:24:37+00:00,0.0,27.0,-24.0,0.0,0.0,0.0,0.0,0.0,0.0,0.0,AAPL,42.31564289857623,0.0,0.0
2024-10-21 12:24:40+00:00,-27.0,-29.0,-2.0,-100.0,-400.0,-1.0,-100.0,-500.0,-105.0,-63.0,AAPL,468.9105171264422,-27.0,0.0
2024-10-21 12:24:43+00:00,1.0,105.0,227.0,1300.0,431.0,506.0,110.0,600.0,120.0,173.0,AAPL,-1348.1102924534598,1.0,0.0
2024-10-21 12:24:55+00:00,23.0,-105.0,-200.0,-1200.0,-31.0,-505.0,-10.0,-100.0,-15.0,-110.0,AAPL,1004.66037977087,23.0,0.0
2024-10-21 12:24:58+00:00,200.0,2.0,400.0,27.0,100.0,400.0,1.0,100.0,500.0,105.0,AAPL,-478.0527645487778,200.0,0.0
2024-10-21 12:25:00+00:00,1.0,105.0,200.0,1143.0,-99.0,105.0,9.0,0.0,-485.0,5.0,AAPL,-505.7148391666331,1.0,0.0
2024-10-21 12:25:03+00:00,0.0,7.0,2.0,400.0,100.0,400.0,1.0,100.0,500.0,105.0,AAPL,-537.544446112004,0.0,0.0
2024-10-21 12:25:07+00:00,0.0,0.0,0.0,600.0,0.0,0.0,0.0,0.0,0.0,0.0,AAPL,-261.9593210608178,0.0,0.0
2024-10-21 12:25:08+00:00,100.0,-6.0,103.0,-200.0,1100.0,-399.0,504.0,-90.0,-400.0,-90.0,AAPL,-193.05305578329254,100.0,0.0
2024-10-21 12:25:09+00:00,0.0,0.0,0.0,200.0,400.0,0.0,0.0,0.0,0.0,0.0,AAPL,-230.48630405752394,0.0,0.0
2024-10-21 12:25:10+00:00,0.0,7.0,2.0,400.0,100.0,400.0,1.0,100.0,500.0,105.0,AAPL,-537.544446112004,0.0,0.0
2024-10-21 12:25:16+00:00,0.0,0.0,0.0,200.0,0.0,0.0,0.0,0.0,0.0,0.0,AAPL,-59.41053295770465,0.0,0.0
2024-10-21 12:25:25+00:00,0.0,0.0,-400.0,-400.0,-100.0,-400.0,-1.0,-100.0,-500.0,-105.0,AAPL,742.5599249750366,0.0,0.0
2024-10-21 12:25:26+00:00,0.0,0.0,400.0,2.0,100.0,400.0,1.0,100.0,500.0,105.0,AAPL,-457.2961586247349,0.0,0.0
2024-10-21 12:25:34+00:00,0.0,0.0,0.0,0.0,0.0,0.0,0.0,0.0,0.0,0.0,AAPL,41.86386109385194,0.0,0.0
2024-10-21 12:25:35+00:00,79.0,0.0,-800.0,-2.0,-100.0,-400.0,-1.0,-100.0,-500.0,-105.0,AAPL,661.7430424922977,79.0,0.0
2024-10-21 12:25:37+00:00,0.0,-7.0,-402.0,-100.0,-400.0,-1.0,-100.0,-500.0,-105.0,-63.0,AAPL,585.9206181235969,0.0,0.0
2024-10-21 12:25:39+00:00,0.0,0.0,0.0,0.0,0.0,0.0,0.0,0.0,7.0,63.0,AAPL,27.203767212957395,0.0,0.0
2024-10-21 12:25:43+00:00,0.0,0.0,0.0,200.0,0.0,0.0,0.0,0.0,0.0,0.0,AAPL,-59.41053295770465,0.0,0.0
2024-10-21 12:25:45+00:00,0.0,0.0,0.0,200.0,0.0,0.0,0.0,0.0,0.0,0.0,AAPL,-59.41053295770465,0.0,0.0
2024-10-21 12:25:52+00:00,0.0,0.0,0.0,0.0,0.0,0.0,0.0,0.0,0.0,0.0,AAPL,41.86386109385194,0.0,0.0
2024-10-21 12:25:54+00:00,0.0,1.0,0.0,0.0,0.0,0.0,0.0,0.0,0.0,0.0,AAPL,41.60567457447893,0.0,0.0
2024-10-21 12:26:00+00:00,0.0,0.0,0.0,0.0,0.0,0.0,0.0,0.0,-7.0,-63.0,AAPL,56.52395497474648,0.0,0.0
2024-10-21 12:26:01+00:00,0.0,0.0,0.0,200.0,0.0,0.0,0.0,0.0,0.0,0.0,AAPL,-59.41053295770465,0.0,0.0
2024-10-21 12:26:02+00:00,0.0,0.0,7.0,300.0,400.0,1.0,100.0,500.0,105.0,63.0,AAPL,-479.4927742693736,0.0,0.0
2024-10-21 12:26:05+00:00,100.0,500.0,202.0,112.0,300.0,1600.0,2.0,605.0,510.0,205.0,AAPL,-1297.4632702263543,100.0,0.0
2024-10-21 12:26:08+00:00,0.0,0.0,0.0,0.0,200.0,0.0,0.0,0.0,0.0,0.0,AAPL,-43.67402445605773,0.0,0.0
2024-10-21 12:26:09+00:00,0.0,-100.0,-2.0,-105.0,-200.0,-1200.0,-1.0,-505.0,-10.0,-100.0,AAPL,834.2908535121835,0.0,0.0
2024-10-21 12:26:11+00:00,0.0,0.0,200.0,0.0,0.0,0.0,0.0,0.0,0.0,0.0,AAPL,-19.992954137775943,0.0,0.0
2024-10-21 12:26:13+00:00,0.0,0.0,0.0,200.0,0.0,0.0,0.0,0.0,0.0,0.0,AAPL,-59.41053295770465,0.0,0.0
2024-10-21 12:26:20+00:00,0.0,-15.0,0.0,0.0,0.0,0.0,0.0,0.0,0.0,0.0,AAPL,45.73665888444697,0.0,0.0
2024-10-21 12:26:22+00:00,0.0,0.0,0.0,-7.0,-100.0,-400.0,-1.0,-100.0,-500.0,-105.0,AAPL,419.84211020047206,0.0,0.0
2024-10-21 12:26:23+00:00,0.0,0.0,0.0,0.0,0.0,0.0,0.0,0.0,0.0,0.0,AAPL,41.86386109385194,0.0,0.0
2024-10-21 12:26:24+00:00,0.0,0.0,0.0,0.0,0.0,0.0,0.0,-7.0,0.0,0.0,AAPL,43.68737194172512,0.0,0.0
2024-10-21 12:26:25+00:00,0.0,0.0,200.0,400.0,0.0,0.0,0.0,0.0,0.0,0.0,AAPL,-222.54174224088908,0.0,0.0
2024-10-21 12:26:31+00:00,0.0,0.0,0.0,0.0,0.0,0.0,0.0,7.0,0.0,0.0,AAPL,40.04035024597875,0.0,0.0
2024-10-21 12:26:32+00:00,0.0,0.0,0.0,0.0,0.0,0.0,0.0,0.0,0.0,0.0,AAPL,41.86386109385194,0.0,0.0
2024-10-21 12:26:33+00:00,0.0,0.0,0.0,200.0,0.0,0.0,0.0,-7.0,0.0,0.0,AAPL,-57.58702210983146,0.0,0.0
2024-10-21 12:26:40+00:00,0.0,0.0,600.0,400.0,0.0,0.0,0.0,0.0,0.0,0.0,AAPL,-346.25537270414486,0.0,0.0
2024-10-21 12:26:42+00:00,0.0,0.0,0.0,0.0,0.0,0.0,0.0,7.0,0.0,0.0,AAPL,40.04035024597875,0.0,0.0
2024-10-21 12:26:43+00:00,72.0,77.0,-521.0,-17.0,-400.0,-100.0,-400.0,-1.0,-100.0,-500.0,AAPL,631.8128992478742,72.0,0.0
2024-10-21 12:26:44+00:00,0.0,7.0,17.0,400.0,100.0,400.0,1.0,100.0,500.0,105.0,AAPL,-542.1837072543761,0.0,0.0
2024-10-21 12:26:47+00:00,0.0,0.0,0.0,200.0,0.0,0.0,0.0,0.0,0.0,0.0,AAPL,-59.41053295770465,0.0,0.0
2024-10-21 12:26:53+00:00,0.0,0.0,0.0,400.0,0.0,0.0,0.0,0.0,0.0,0.0,AAPL,-160.68492700926123,0.0,0.0
2024-10-21 12:26:54+00:00,0.0,0.0,0.0,0.0,0.0,0.0,0.0,0.0,0.0,0.0,AAPL,41.86386109385194,0.0,0.0
2024-10-21 12:27:04+00:00,0.0,0.0,0.0,200.0,0.0,0.0,0.0,0.0,0.0,0.0,AAPL,-59.41053295770465,0.0,0.0
2024-10-21 12:27:08+00:00,100.0,0.0,200.0,217.0,0.0,0.0,0.0,0.0,0.0,0.0,AAPL,-133.66613849814107,100.0,0.0
2024-10-21 12:27:15+00:00,0.0,-7.0,-200.0,-17.0,-100.0,-400.0,-1.0,-100.0,-500.0,-105.0,AAPL,488.56995077028876,0.0,0.0
2024-10-21 12:27:16+00:00,-121.0,-200.0,-17.0,-100.0,-400.0,-1.0,-100.0,-500.0,-105.0,-63.0,AAPL,521.2627118871583,-121.0,0.0
2024-10-21 12:27:17+00:00,7.0,200.0,17.0,100.0,400.0,1.0,100.0,500.0,105.0,63.0,AAPL,-433.21385753100856,7.0,0.0
2024-10-21 12:27:21+00:00,0.0,0.0,0.0,0.0,0.0,0.0,0.0,0.0,0.0,0.0,AAPL,41.86386109385194,0.0,0.0
2024-10-21 12:27:22+00:00,-7.0,-200.0,-17.0,-100.0,-400.0,-1.0,-100.0,-500.0,-105.0,-63.0,AAPL,516.9415797187123,-7.0,0.0
2024-10-21 12:27:23+00:00,0.0,0.0,0.0,-200.0,0.0,0.0,0.0,0.0,0.0,0.0,AAPL,143.13825514540852,0.0,0.0
2024-10-21 12:27:24+00:00,-7.0,0.0,0.0,0.0,0.0,0.0,0.0,0.0,0.0,0.0,AAPL,42.12919377086177,-7.0,0.0
2024-10-21 12:27:25+00:00,0.0,0.0,0.0,200.0,0.0,0.0,0.0,0.0,0.0,0.0,AAPL,-59.41053295770465,0.0,0.0
2024-10-21 12:27:26+00:00,0.0,0.0,0.0,200.0,0.0,0.0,0.0,0.0,0.0,0.0,AAPL,-59.41053295770465,0.0,0.0
2024-10-21 12:27:28+00:00,7.0,0.0,0.0,0.0,0.0,0.0,0.0,0.0,0.0,0.0,AAPL,41.59852841684212,7.0,0.0
2024-10-21 12:27:29+00:00,-200.0,383.0,0.0,0.0,0.0,0.0,0.0,0.0,0.0,0.0,AAPL,-49.440642197155285,-200.0,0.0
2024-10-21 12:27:30+00:00,0.0,0.0,0.0,0.0,0.0,0.0,-7.0,0.0,0.0,0.0,AAPL,43.69296723159314,0.0,0.0
2024-10-21 12:27:37+00:00,0.0,0.0,0.0,400.0,0.0,0.0,0.0,0.0,0.0,0.0,AAPL,-160.68492700926123,0.0,0.0
2024-10-21 12:27:39+00:00,0.0,400.0,0.0,0.0,0.0,7.0,-7.0,0.0,0.0,0.0,AAPL,-62.337768545869544,0.0,0.0
2024-10-21 12:27:40+00:00,0.0,200.0,0.0,0.0,0.0,0.0,0.0,0.0,0.0,0.0,AAPL,-9.773442780748383,0.0,0.0
2024-10-21 12:27:41+00:00,0.0,200.0,0.0,0.0,0.0,0.0,7.0,500.0,105.0,63.0,AAPL,-181.28301331397083,0.0,0.0
2024-10-21 12:27:46+00:00,0.0,200.0,0.0,200.0,0.0,0.0,0.0,0.0,0.0,0.0,AAPL,-111.04783683230498,0.0,0.0
2024-10-21 12:27:47+00:00,0.0,0.0,0.0,400.0,0.0,0.0,0.0,0.0,0.0,0.0,AAPL,-160.68492700926123,0.0,0.0
2024-10-21 12:27:50+00:00,0.0,0.0,0.0,0.0,0.0,-7.0,-7.0,-500.0,-105.0,-63.0,AAPL,216.12955965533655,0.0,0.0
2024-10-21 12:27:51+00:00,0.0,200.0,0.0,0.0,0.0,0.0,0.0,0.0,0.0,0.0,AAPL,-9.773442780748383,0.0,0.0
2024-10-21 12:27:52+00:00,0.0,0.0,0.0,0.0,0.0,0.0,-7.0,0.0,0.0,0.0,AAPL,43.69296723159314,0.0,0.0
2024-10-21 12:27:53+00:00,0.0,200.0,0.0,-400.0,-1200.0,-1.0,-505.0,-10.0,-100.0,-15.0,AAPL,869.3026940234054,0.0,0.0
2024-10-21 12:27:55+00:00,0.0,200.0,2.0,105.0,1200.0,1.0,505.0,10.0,100.0,15.0,AAPL,-740.0884165111719,0.0,0.0
2024-10-21 12:27:57+00:00,0.0,0.0,0.0,0.0,0.0,0.0,7.0,0.0,0.0,0.0,AAPL,40.03475495611076,0.0,0.0
2024-10-21 12:27:59+00:00,0.0,0.0,7.0,100.0,400.0,1.0,100.0,500.0,105.0,63.0,AAPL,-378.21838021781707,0.0,0.0
2024-10-21 12:28:13+00:00,-100.0,0.0,-7.0,-100.0,-400.0,-1.0,-100.0,-500.0,-105.0,-63.0,AAPL,465.73656921994694,-100.0,0.0
2024-10-21 12:28:15+00:00,0.0,-200.0,7.0,100.0,400.0,1.0,100.0,500.0,105.0,63.0,AAPL,-326.5810763432166,0.0,0.0
2024-10-21 12:28:16+00:00,0.0,0.0,0.0,0.0,0.0,0.0,0.0,0.0,0.0,0.0,AAPL,41.86386109385194,0.0,0.0
2024-10-21 12:28:18+00:00,0.0,-200.0,-2.0,695.0,0.0,0.0,0.0,0.0,0.0,0.0,AAPL,-257.80878620839053,0.0,0.0
2024-10-21 12:28:21+00:00,0.0,-400.0,-7.0,100.0,-400.0,-1.0,-100.0,-500.0,-105.0,-63.0,AAPL,463.9463161031649,0.0,0.0
2024-10-21 12:28:32+00:00,0.0,0.0,200.0,-200.0,-1200.0,-1.0,-505.0,-10.0,-100.0,-15.0,AAPL,757.8087886148209,0.0,0.0
2024-10-21 12:28:35+00:00,0.0,400.0,-193.0,500.0,1600.0,2.0,605.0,510.0,205.0,78.0,AAPL,-1298.7123095395436,0.0,0.0
2024-10-21 12:28:42+00:00,0.0,200.0,2.0,-95.0,0.0,0.0,0.0,0.0,0.0,0.0,AAPL,37.7133262414247,0.0,0.0
2024-10-21 12:28:45+00:00,0.0,-200.0,-2.0,295.0,0.0,0.0,0.0,0.0,0.0,0.0,AAPL,-55.259998105277425,0.0,0.0
2024-10-21 12:28:48+00:00,0.0,200.0,2.0,105.0,0.0,0.0,0.0,0.0,0.0,0.0,AAPL,-63.561067810131895,0.0,0.0
2024-10-21 12:28:55+00:00,-10.0,-200.0,-9.0,395.0,-400.0,-1.0,-100.0,-500.0,-105.0,-63.0,AAPL,263.92689583627754,-10.0,0.0
2024-10-21 12:28:56+00:00,0.0,400.0,0.0,0.0,0.0,0.0,0.0,0.0,0.0,0.0,AAPL,-61.4107466553487,0.0,0.0
2024-10-21 12:28:57+00:00,-200.0,0.0,0.0,0.0,0.0,0.0,0.0,0.0,0.0,0.0,AAPL,49.44479472270432,-200.0,0.0
2024-10-21 12:28:58+00:00,200.0,217.0,7.0,-100.0,-800.0,0.0,-405.0,490.0,5.0,48.0,AAPL,335.97595420198616,200.0,0.0
2024-10-21 12:29:01+00:00,139.0,8.0,-226.0,583.0,1593.0,-99.0,105.0,9.0,0.0,-485.0,AAPL,-763.6588932088073,139.0,0.0
2024-10-21 12:29:04+00:00,197.0,0.0,0.0,0.0,400.0,0.0,0.0,0.0,0.0,0.0,AAPL,-136.67912963038705,197.0,0.0
2024-10-21 12:29:07+00:00,-30.0,0.0,-7.0,-100.0,-400.0,-1.0,-100.0,-500.0,-105.0,-63.0,AAPL,463.0832424498486,-30.0,0.0
2024-10-21 12:29:08+00:00,-200.0,183.0,0.0,400.0,0.0,0.0,0.0,0.0,0.0,0.0,AAPL,-200.35212642566816,-200.0,0.0
2024-10-21 12:29:09+00:00,-237.0,90.0,-427.0,0.0,0.0,0.0,0.0,0.0,0.0,0.0,AAPL,159.67478121999739,-237.0,0.0
2024-10-21 12:29:11+00:00,0.0,0.0,0.0,200.0,0.0,0.0,0.0,0.0,0.0,0.0,AAPL,-59.41053295770465,0.0,0.0
2024-10-21 12:29:12+00:00,0.0,200.0,0.0,300.0,400.0,1.0,100.0,500.0,105.0,63.0,AAPL,-528.9650896108669,0.0,0.0
2024-10-21 12:29:14+00:00,-7.0,-17.0,-400.0,-100.0,-400.0,-1.0,-100.0,-500.0,-105.0,-63.0,AAPL,588.1492478420206,-7.0,0.0
2024-10-21 12:29:16+00:00,0.0,0.0,7.0,100.0,400.0,1.0,100.0,500.0,105.0,63.0,AAPL,-378.21838021781707,0.0,0.0
2024-10-21 12:29:26+00:00,0.0,0.0,0.0,0.0,0.0,0.0,0.0,0.0,0.0,0.0,AAPL,41.86386109385194,0.0,0.0
2024-10-21 12:29:49+00:00,-119.0,149.0,-522.0,-693.0,-1607.0,-102.0,-1005.0,-511.0,-305.0,-578.0,AAPL,1838.805456787243,-119.0,0.0
2024-10-21 12:29:50+00:00,0.0,0.0,0.0,0.0,0.0,0.0,0.0,0.0,0.0,0.0,AAPL,41.86386109385194,0.0,0.0
2024-10-21 12:29:51+00:00,7.0,17.0,400.0,100.0,400.0,1.0,100.0,500.0,105.0,63.0,AAPL,-504.42152565431667,7.0,0.0
2024-10-21 12:29:54+00:00,0.0,200.0,617.0,0.0,0.0,0.0,0.0,0.0,0.0,0.0,AAPL,-200.60171777032042,0.0,0.0
2024-10-21 12:29:55+00:00,200.0,7.0,0.0,0.0,0.0,0.0,0.0,0.0,0.0,0.0,AAPL,32.475621829388544,200.0,0.0
2024-10-21 12:30:01+00:00,-200.0,0.0,200.0,0.0,0.0,0.0,0.0,0.0,0.0,0.0,AAPL,-12.412020508923561,-200.0,0.0
2024-10-21 12:30:09+00:00,0.0,0.0,200.0,0.0,0.0,0.0,0.0,0.0,0.0,0.0,AAPL,-19.992954137775943,0.0,0.0
2024-10-21 12:30:10+00:00,588.0,-1324.0,-811.0,-1194.0,-806.0,-516.0,-210.0,-615.0,-230.0,-183.0,AAPL,2075.3952479286054,588.0,0.0
2024-10-21 12:30:11+00:00,0.0,0.0,-200.0,0.0,0.0,0.0,0.0,0.0,0.0,0.0,AAPL,103.72067632547981,0.0,0.0
2024-10-21 12:30:12+00:00,0.0,7.0,17.0,100.0,400.0,1.0,100.0,500.0,105.0,63.0,AAPL,-383.1185266150094,0.0,0.0
2024-10-21 12:30:13+00:00,0.0,200.0,201.0,0.0,0.0,0.0,0.0,0.0,0.0,0.0,AAPL,-71.9395420885344,0.0,0.0
2024-10-21 12:30:33+00:00,0.0,-200.0,-1.0,95.0,0.0,0.0,0.0,0.0,0.0,0.0,AAPL,45.70511187012102,0.0,0.0
2024-10-21 12:30:34+00:00,0.0,0.0,200.0,505.0,0.0,0.0,0.0,0.0,0.0,0.0,AAPL,-275.71079911795636,0.0,0.0
2024-10-21 12:30:35+00:00,0.0,-7.0,-17.0,-100.0,-400.0,-1.0,-100.0,-500.0,-105.0,-63.0,AAPL,466.84624880271326,0.0,0.0
2024-10-21 12:30:36+00:00,0.0,0.0,200.0,0.0,0.0,0.0,0.0,0.0,0.0,0.0,AAPL,-19.992954137775943,0.0,0.0
2024-10-21 12:30:37+00:00,393.0,200.0,17.0,100.0,400.0,1.0,100.0,500.0,105.0,63.0,AAPL,-447.8450594346936,393.0,0.0
2024-10-21 12:30:40+00:00,0.0,-400.0,183.0,-100.0,-400.0,-1.0,-100.0,-500.0,-105.0,-63.0,AAPL,506.45673568467475,0.0,0.0
2024-10-21 12:30:41+00:00,0.0,600.0,17.0,100.0,400.0,1.0,100.0,500.0,105.0,63.0,AAPL,-536.2231326031994,0.0,0.0
2024-10-21 12:30:42+00:00,0.0,0.0,200.0,0.0,0.0,0.0,0.0,0.0,0.0,0.0,AAPL,-19.992954137775943,0.0,0.0
2024-10-21 12:30:43+00:00,100.0,-27.0,200.0,0.0,0.0,0.0,0.0,0.0,0.0,0.0,AAPL,-16.8123849291311,100.0,0.0
2024-10-21 12:30:51+00:00,200.0,0.0,-17.0,-100.0,-400.0,-1.0,-100.0,-500.0,-105.0,-63.0,AAPL,457.4580095382499,200.0,0.0
2024-10-21 12:30:53+00:00,7.0,400.0,17.0,100.0,400.0,1.0,100.0,500.0,105.0,63.0,AAPL,-484.8511614056088,7.0,0.0
2024-10-21 12:30:54+00:00,0.0,0.0,400.0,0.0,0.0,0.0,0.0,0.0,0.0,0.0,AAPL,-81.84976936940383,0.0,0.0
2024-10-21 12:30:57+00:00,0.0,200.0,0.0,0.0,0.0,0.0,0.0,0.0,0.0,0.0,AAPL,-9.773442780748383,0.0,0.0
2024-10-21 12:30:59+00:00,0.0,200.0,0.0,0.0,0.0,0.0,0.0,0.0,0.0,0.0,AAPL,-9.773442780748383,0.0,0.0
2024-10-21 12:31:00+00:00,800.0,0.0,-17.0,-100.0,-400.0,-1.0,-100.0,-500.0,-105.0,-63.0,AAPL,434.71520865169276,800.0,0.0
2024-10-21 12:31:01+00:00,410.0,1200.0,1.0,400.0,505.0,10.0,100.0,15.0,110.0,10.0,AAPL,-766.1658179593038,410.0,0.0
2024-10-21 12:31:02+00:00,7.0,400.0,17.0,300.0,400.0,1.0,100.0,500.0,105.0,63.0,AAPL,-586.1255554571655,7.0,0.0
2024-10-21 12:31:03+00:00,0.0,0.0,200.0,201.0,0.0,0.0,0.0,0.0,0.0,0.0,AAPL,-121.77372015959031,0.0,0.0
2024-10-21 12:31:05+00:00,0.0,400.0,0.0,0.0,0.0,0.0,0.0,0.0,0.0,0.0,AAPL,-61.4107466553487,0.0,0.0
2024-10-21 12:31:10+00:00,68.0,-1692.0,189.0,-101.0,-905.0,-11.0,-200.0,-515.0,-215.0,-73.0,AAPL,1115.913738481228,68.0,0.0
2024-10-21 12:31:12+00:00,7.0,400.0,617.0,100.0,400.0,1.0,100.0,500.0,105.0,63.0,AAPL,-670.4216071004925,7.0,0.0
2024-10-21 12:31:13+00:00,0.0,200.0,-200.0,-505.0,-10.0,-100.0,-15.0,-110.0,-10.0,-110.0,AAPL,409.0613733539096,0.0,0.0
2024-10-21 12:31:15+00:00,0.0,-200.0,200.0,505.0,10.0,100.0,15.0,110.0,10.0,110.0,AAPL,-325.3336511662057,0.0,0.0
2024-10-21 12:31:16+00:00,10.0,7.0,400.0,17.0,100.0,400.0,1.0,100.0,500.0,105.0,AAPL,-467.0780904956554,10.0,0.0
2024-10-21 12:31:18+00:00,0.0,0.0,400.0,0.0,0.0,0.0,0.0,0.0,0.0,0.0,AAPL,-81.84976936940383,0.0,0.0
2024-10-21 12:31:19+00:00,-10.0,0.0,0.0,0.0,0.0,0.0,0.0,0.0,0.0,0.0,AAPL,42.24290777529457,-10.0,0.0
2024-10-21 12:31:20+00:00,0.0,-7.0,-400.0,-17.0,-100.0,-400.0,-1.0,-100.0,-500.0,-105.0,AAPL,550.4267660019166,0.0,0.0
2024-10-21 12:31:22+00:00,0.0,0.0,7.0,17.0,100.0,400.0,1.0,100.0,500.0,105.0,AAPL,-343.3430962484529,0.0,0.0
2024-10-21 12:31:27+00:00,0.0,200.0,0.0,0.0,0.0,0.0,0.0,0.0,0.0,0.0,AAPL,-9.773442780748383,0.0,0.0
2024-10-21 12:31:31+00:00,0.0,0.0,0.0,0.0,0.0,0.0,0.0,0.0,0.0,0.0,AAPL,41.86386109385194,0.0,0.0
2024-10-21 12:31:33+00:00,0.0,400.0,0.0,0.0,0.0,0.0,0.0,0.0,0.0,0.0,AAPL,-61.4107466553487,0.0,0.0
2024-10-21 12:31:36+00:00,0.0,0.0,-7.0,-17.0,-100.0,-400.0,-1.0,-100.0,-500.0,-105.0,AAPL,427.07081843615674,0.0,0.0
2024-10-21 12:31:38+00:00,0.0,0.0,-193.0,17.0,100.0,400.0,1.0,100.0,500.0,105.0,AAPL,-281.4862810168251,0.0,0.0
2024-10-21 12:31:39+00:00,0.0,0.0,0.0,0.0,0.0,0.0,0.0,0.0,0.0,0.0,AAPL,41.86386109385194,0.0,0.0
2024-10-21 12:31:40+00:00,0.0,0.0,400.0,0.0,0.0,0.0,0.0,0.0,0.0,0.0,AAPL,-81.84976936940383,0.0,0.0
2024-10-21 12:31:41+00:00,0.0,0.0,200.0,0.0,0.0,0.0,0.0,0.0,0.0,0.0,AAPL,-19.992954137775943,0.0,0.0
2024-10-21 12:31:45+00:00,0.0,0.0,200.0,0.0,0.0,0.0,0.0,0.0,0.0,0.0,AAPL,-19.992954137775943,0.0,0.0
2024-10-21 12:31:48+00:00,200.0,0.0,-400.0,-505.0,-10.0,-100.0,-15.0,-110.0,-10.0,-110.0,AAPL,514.9745588312853,200.0,0.0
2024-10-21 12:31:49+00:00,0.0,0.0,-7.0,-17.0,-100.0,-400.0,-1.0,-100.0,-500.0,-105.0,AAPL,427.07081843615674,0.0,0.0
2024-10-21 12:31:51+00:00,0.0,0.0,7.0,17.0,100.0,400.0,1.0,100.0,500.0,105.0,AAPL,-343.3430962484529,0.0,0.0
2024-10-21 12:31:52+00:00,0.0,200.0,0.0,0.0,0.0,0.0,0.0,0.0,0.0,0.0,AAPL,-9.773442780748383,0.0,0.0
2024-10-21 12:31:55+00:00,7.0,0.0,0.0,0.0,0.0,0.0,0.0,0.0,0.0,0.0,AAPL,41.59852841684212,7.0,0.0
2024-10-21 12:32:04+00:00,0.0,0.0,-7.0,-17.0,-100.0,-400.0,-1.0,-100.0,-500.0,-105.0,AAPL,427.07081843615674,0.0,0.0
2024-10-21 12:32:05+00:00,-160.0,1207.0,401.0,905.0,515.0,110.0,115.0,125.0,120.0,120.0,AAPL,-1227.0590941189714,-160.0,0.0
2024-10-21 12:32:06+00:00,0.0,0.0,0.0,0.0,0.0,0.0,0.0,7.0,500.0,105.0,AAPL,-107.81986626104283,0.0,0.0
2024-10-21 12:32:07+00:00,0.0,200.0,0.0,400.0,0.0,0.0,0.0,0.0,0.0,0.0,AAPL,-212.32223088386155,0.0,0.0
2024-10-21 12:32:08+00:00,0.0,0.0,200.0,-400.0,-505.0,-10.0,-100.0,-15.0,-110.0,-10.0,AAPL,462.36270365247253,0.0,0.0
2024-10-21 12:32:11+00:00,10.0,600.0,1407.0,1.0,505.0,10.0,100.0,15.0,110.0,10.0,AAPL,-828.9030340232869,10.0,0.0
2024-10-21 12:32:14+00:00,0.0,0.0,0.0,0.0,0.0,0.0,0.0,0.0,0.0,0.0,AAPL,41.86386109385194,0.0,0.0
2024-10-21 12:32:18+00:00,-240.0,-1207.0,-808.0,-1.0,-505.0,-10.0,-100.0,-22.0,-610.0,-115.0,AAPL,1042.4906128797525,-240.0,0.0
2024-10-21 12:32:20+00:00,0.0,0.0,0.0,0.0,0.0,0.0,0.0,7.0,500.0,105.0,AAPL,-107.81986626104283,0.0,0.0
2024-10-21 12:32:23+00:00,0.0,-200.0,0.0,0.0,0.0,0.0,0.0,0.0,0.0,0.0,AAPL,93.50116496845224,0.0,0.0
2024-10-21 12:32:27+00:00,0.0,0.0,-200.0,0.0,0.0,0.0,0.0,0.0,0.0,0.0,AAPL,103.72067632547981,0.0,0.0
2024-10-21 12:32:35+00:00,299.0,-391.0,-17.0,-100.0,-400.0,-1.0,-100.0,-7.0,-500.0,-105.0,AAPL,534.659639426225,299.0,0.0
2024-10-21 12:32:37+00:00,0.0,0.0,200.0,0.0,0.0,0.0,0.0,0.0,0.0,0.0,AAPL,-19.992954137775943,0.0,0.0
2024-10-21 12:32:38+00:00,400.0,0.0,0.0,0.0,0.0,0.0,0.0,0.0,0.0,0.0,AAPL,26.701993836147164,400.0,0.0
2024-10-21 12:32:48+00:00,400.0,0.0,0.0,0.0,0.0,0.0,0.0,0.0,0.0,0.0,AAPL,26.701993836147164,400.0,0.0
2024-10-21 12:32:55+00:00,0.0,0.0,200.0,0.0,0.0,0.0,0.0,0.0,0.0,0.0,AAPL,-19.992954137775943,0.0,0.0
2024-10-21 12:33:01+00:00,5.0,400.0,17.0,100.0,400.0,1.0,100.0,7.0,500.0,105.0,AAPL,-464.7786150287337,5.0,0.0
2024-10-21 12:33:05+00:00,-24.0,0.0,0.0,0.0,0.0,0.0,0.0,-7.0,-500.0,-105.0,AAPL,192.45730048420901,-24.0,0.0
2024-10-21 12:33:06+00:00,14.0,0.0,0.0,0.0,0.0,0.0,0.0,0.0,0.0,0.0,AAPL,41.33319573983226,14.0,0.0
2024-10-21 12:33:07+00:00,24.0,0.0,0.0,0.0,0.0,0.0,0.0,7.0,500.0,105.0,AAPL,-108.72957829650517,24.0,0.0
2024-10-21 12:33:09+00:00,25.0,5.0,400.0,17.0,100.0,400.0,1.0,100.0,7.0,500.0,AAPL,-423.3475583416665,25.0,0.0
2024-10-21 12:33:12+00:00,0.0,0.0,0.0,0.0,0.0,0.0,0.0,0.0,-7.0,-500.0,AAPL,145.94134846346682,0.0,0.0
2024-10-21 12:33:14+00:00,0.0,-5.0,-400.0,-17.0,-100.0,-400.0,-1.0,-100.0,0.0,0.0,AAPL,402.050176456149,0.0,0.0
2024-10-21 12:33:15+00:00,0.0,200.0,200.0,0.0,0.0,0.0,0.0,0.0,0.0,0.0,AAPL,-71.63025801237626,0.0,0.0
2024-10-21 12:33:21+00:00,0.0,0.0,200.0,0.0,0.0,0.0,0.0,0.0,0.0,0.0,AAPL,-19.992954137775943,0.0,0.0
2024-10-21 12:33:22+00:00,0.0,0.0,0.0,0.0,0.0,0.0,0.0,-7.0,-500.0,-105.0,AAPL,191.54758844874672,0.0,0.0
2024-10-21 12:33:24+00:00,0.0,0.0,207.0,17.0,100.0,400.0,1.0,100.0,500.0,105.0,AAPL,-405.1999114800808,0.0,0.0
2024-10-21 12:33:26+00:00,0.0,-200.0,200.0,0.0,0.0,0.0,0.0,0.0,0.0,0.0,AAPL,31.644349736824374,0.0,0.0
2024-10-21 12:33:28+00:00,0.0,600.0,0.0,0.0,0.0,0.0,0.0,0.0,0.0,0.0,AAPL,-113.04805052994902,0.0,0.0
2024-10-21 12:33:29+00:00,0.0,0.0,200.0,0.0,0.0,0.0,0.0,0.0,0.0,0.0,AAPL,-19.992954137775943,0.0,0.0
2024-10-21 12:33:36+00:00,0.0,200.0,0.0,0.0,0.0,0.0,0.0,0.0,0.0,0.0,AAPL,-9.773442780748383,0.0,0.0
2024-10-21 12:33:39+00:00,5.0,1207.0,1.0,200.0,505.0,10.0,100.0,15.0,110.0,10.0,AAPL,-651.3473389449323,5.0,0.0
2024-10-21 12:33:41+00:00,0.0,0.0,0.0,200.0,0.0,0.0,0.0,0.0,0.0,0.0,AAPL,-59.41053295770465,0.0,0.0
2024-10-21 12:33:48+00:00,0.0,0.0,0.0,0.0,0.0,0.0,0.0,0.0,0.0,0.0,AAPL,41.86386109385194,0.0,0.0
2024-10-21 12:33:49+00:00,2.0,200.0,200.0,1.0,0.0,0.0,0.0,0.0,0.0,0.0,AAPL,-72.21243931892258,2.0,0.0
2024-10-21 12:33:50+00:00,0.0,400.0,0.0,0.0,0.0,0.0,0.0,0.0,0.0,0.0,AAPL,-61.4107466553487,0.0,0.0
2024-10-21 12:33:51+00:00,0.0,0.0,200.0,0.0,0.0,0.0,0.0,0.0,0.0,0.0,AAPL,-19.992954137775943,0.0,0.0
2024-10-21 12:33:52+00:00,-5.0,-1207.0,-200.0,-1.0,-505.0,-10.0,-100.0,-15.0,-110.0,-10.0,AAPL,695.8545702068074,-5.0,0.0
2024-10-21 12:33:53+00:00,0.0,-200.0,0.0,0.0,0.0,0.0,0.0,0.0,0.0,0.0,AAPL,93.50116496845224,0.0,0.0
2024-10-21 12:33:56+00:00,0.0,0.0,0.0,0.0,0.0,0.0,0.0,-10.0,0.0,0.0,AAPL,44.46887659081364,0.0,0.0
2024-10-21 12:33:59+00:00,0.0,-200.0,199.0,0.0,0.0,0.0,0.0,0.0,0.0,0.0,AAPL,31.95363381298252,0.0,0.0
2024-10-21 12:34:02+00:00,379.0,-200.0,-207.0,-522.0,-110.0,-500.0,-16.0,-200.0,-510.0,-215.0,AAPL,880.5720537217779,379.0,0.0
2024-10-21 12:34:04+00:00,-7.0,-7.0,-17.0,-100.0,-400.0,-1.0,-100.0,-500.0,-105.0,-63.0,AAPL,467.11158147972304,-7.0,0.0
2024-10-21 12:34:06+00:00,0.0,7.0,17.0,100.0,400.0,1.0,100.0,500.0,105.0,63.0,AAPL,-383.1185266150094,0.0,0.0
2024-10-21 12:34:11+00:00,0.0,-7.0,-17.0,-100.0,-400.0,-1.0,-100.0,-500.0,-105.0,-63.0,AAPL,466.84624880271326,0.0,0.0
2024-10-21 12:34:13+00:00,200.0,7.0,17.0,100.0,400.0,1.0,100.0,500.0,105.0,63.0,AAPL,-390.6994602438617,200.0,0.0
2024-10-21 12:34:14+00:00,0.0,-200.0,200.0,505.0,10.0,100.0,15.0,100.0,10.0,110.0,AAPL,-322.728635669244,0.0,0.0
2024-10-21 12:34:18+00:00,200.0,0.0,0.0,0.0,0.0,0.0,0.0,0.0,0.0,0.0,AAPL,34.28292746499956,200.0,0.0
2024-10-21 12:34:21+00:00,0.0,0.0,0.0,0.0,0.0,0.0,0.0,0.0,0.0,0.0,AAPL,41.86386109385194,0.0,0.0
2024-10-21 12:34:24+00:00,0.0,0.0,0.0,0.0,0.0,0.0,0.0,0.0,0.0,0.0,AAPL,41.86386109385194,0.0,0.0
2024-10-21 12:34:26+00:00,0.0,-7.0,-17.0,-100.0,-400.0,-1.0,-100.0,-500.0,-105.0,-63.0,AAPL,466.84624880271326,0.0,0.0
2024-10-21 12:34:28+00:00,0.0,7.0,17.0,100.0,400.0,1.0,100.0,500.0,105.0,63.0,AAPL,-383.1185266150094,0.0,0.0
2024-10-21 12:34:31+00:00,0.0,-7.0,-17.0,-100.0,-400.0,-1.0,-100.0,-500.0,-105.0,-63.0,AAPL,466.84624880271326,0.0,0.0
2024-10-21 12:34:33+00:00,200.0,400.0,17.0,100.0,400.0,1.0,100.0,500.0,105.0,63.0,AAPL,-492.1667623574514,200.0,0.0
2024-10-21 12:34:35+00:00,-7.0,-400.0,-17.0,-100.0,-400.0,-1.0,-100.0,-500.0,-105.0,-63.0,AAPL,568.5788835933126,-7.0,0.0
2024-10-21 12:34:37+00:00,207.0,607.0,17.0,100.0,400.0,1.0,100.0,500.0,105.0,63.0,AAPL,-545.8767045446723,207.0,0.0
2024-10-21 12:34:38+00:00,-200.0,793.0,0.0,0.0,0.0,0.0,0.0,0.0,0.0,0.0,AAPL,-155.29711514008594,-200.0,0.0
2024-10-21 12:34:39+00:00,0.0,800.0,0.0,0.0,0.0,0.0,0.0,0.0,0.0,0.0,AAPL,-164.68535440454932,0.0,0.0
2024-10-21 12:34:40+00:00,0.0,0.0,0.0,0.0,0.0,0.0,0.0,0.0,0.0,0.0,AAPL,41.86386109385194,0.0,0.0
2024-10-21 12:34:42+00:00,-7.0,-400.0,-17.0,-100.0,-400.0,-1.0,-100.0,-500.0,-105.0,-63.0,AAPL,568.5788835933126,-7.0,0.0
2024-10-21 12:34:44+00:00,7.0,400.0,17.0,100.0,400.0,1.0,100.0,500.0,105.0,63.0,AAPL,-484.8511614056088,7.0,0.0
2024-10-21 12:34:46+00:00,0.0,0.0,0.0,0.0,0.0,0.0,0.0,0.0,0.0,0.0,AAPL,41.86386109385194,0.0,0.0
2024-10-21 12:34:51+00:00,0.0,0.0,0.0,0.0,0.0,0.0,0.0,0.0,0.0,0.0,AAPL,41.86386109385194,0.0,0.0
2024-10-21 12:34:54+00:00,-7.0,-400.0,-17.0,-100.0,-400.0,-1.0,-100.0,-500.0,-105.0,-63.0,AAPL,568.5788835933126,-7.0,0.0
2024-10-21 12:34:56+00:00,7.0,400.0,217.0,100.0,400.0,1.0,100.0,500.0,105.0,63.0,AAPL,-546.7079766372367,7.0,0.0
2024-10-21 12:35:01+00:00,0.0,400.0,0.0,0.0,0.0,0.0,0.0,0.0,0.0,0.0,AAPL,-61.4107466553487,0.0,0.0
2024-10-21 12:35:04+00:00,-7.0,-400.0,-17.0,-100.0,-400.0,-1.0,-100.0,-500.0,-105.0,-63.0,AAPL,568.5788835933126,-7.0,0.0
2024-10-21 12:35:06+00:00,7.0,400.0,17.0,100.0,400.0,1.0,100.0,500.0,105.0,63.0,AAPL,-484.8511614056088,7.0,0.0
2024-10-21 12:35:10+00:00,80.0,1207.0,1.0,200.0,505.0,10.0,100.0,15.0,100.0,10.0,AAPL,-651.662679293864,80.0,0.0
2024-10-21 12:35:11+00:00,-7.0,-400.0,-17.0,100.0,-400.0,-1.0,-100.0,-500.0,-105.0,-63.0,AAPL,467.3044895417562,-7.0,0.0
2024-10-21 12:35:12+00:00,0.0,0.0,400.0,-200.0,-505.0,-10.0,-100.0,-15.0,-100.0,-10.0,AAPL,296.70398460740006,0.0,0.0
2024-10-21 12:35:13+00:00,7.0,400.0,17.0,100.0,400.0,1.0,100.0,500.0,105.0,63.0,AAPL,-484.8511614056088,7.0,0.0
2024-10-21 12:35:18+00:00,-7.0,-400.0,-17.0,-100.0,-400.0,-1.0,-100.0,-500.0,-105.0,-63.0,AAPL,568.5788835933126,-7.0,0.0
2024-10-21 12:35:20+00:00,7.0,400.0,17.0,100.0,400.0,1.0,100.0,500.0,105.0,63.0,AAPL,-484.8511614056088,7.0,0.0
2024-10-21 12:35:22+00:00,0.0,0.0,400.0,1.0,505.0,10.0,100.0,15.0,100.0,10.0,AAPL,-359.6355012649091,0.0,0.0
2024-10-21 12:35:23+00:00,0.0,400.0,0.0,0.0,0.0,0.0,0.0,0.0,0.0,0.0,AAPL,-61.4107466553487,0.0,0.0
2024-10-21 12:35:24+00:00,-407.0,-580.0,-1224.0,-500.0,-401.0,-506.0,-110.0,-600.0,-120.0,-163.0,AAPL,1458.247706890137,-407.0,0.0
2024-10-21 12:35:39+00:00,0.0,0.0,0.0,0.0,0.0,0.0,0.0,0.0,0.0,0.0,AAPL,41.86386109385194,0.0,0.0
2024-10-21 12:35:46+00:00,0.0,0.0,-400.0,199.0,0.0,0.0,0.0,0.0,0.0,0.0,AAPL,64.80946947580891,0.0,0.0
2024-10-21 12:35:48+00:00,0.0,0.0,0.0,200.0,0.0,0.0,0.0,0.0,0.0,0.0,AAPL,-59.41053295770465,0.0,0.0
2024-10-21 12:35:50+00:00,0.0,0.0,400.0,-400.0,-505.0,-10.0,-100.0,-15.0,-100.0,-10.0,AAPL,397.9783786589567,0.0,0.0
2024-10-21 12:35:54+00:00,200.0,0.0,0.0,0.0,0.0,0.0,0.0,0.0,0.0,0.0,AAPL,34.28292746499956,200.0,0.0
2024-10-21 12:35:56+00:00,0.0,0.0,0.0,0.0,0.0,0.0,0.0,0.0,0.0,0.0,AAPL,41.86386109385194,0.0,0.0
2024-10-21 12:35:59+00:00,0.0,200.0,0.0,0.0,0.0,0.0,0.0,0.0,0.0,0.0,AAPL,-9.773442780748383,0.0,0.0
2024-10-21 12:36:00+00:00,0.0,200.0,1207.0,1.0,505.0,10.0,100.0,15.0,100.0,10.0,AAPL,-660.8650545991276,0.0,0.0
2024-10-21 12:36:02+00:00,0.0,-200.0,-1007.0,0.0,0.0,0.0,0.0,0.0,0.0,0.0,AAPL,404.95022965969883,0.0,0.0
2024-10-21 12:36:07+00:00,-200.0,383.0,200.0,0.0,0.0,0.0,0.0,0.0,0.0,0.0,AAPL,-111.2974574287832,-200.0,0.0
2024-10-21 12:36:09+00:00,-400.0,-400.0,-100.0,-400.0,-1.0,-100.0,-500.0,-105.0,-63.0,-60.0,AAPL,619.7818790864667,-400.0,0.0
2024-10-21 12:36:10+00:00,4.0,417.0,100.0,400.0,1.0,100.0,500.0,105.0,63.0,60.0,AAPL,-525.4330791429759,4.0,0.0
2024-10-21 12:36:43+00:00,0.0,0.0,200.0,0.0,0.0,0.0,0.0,0.0,0.0,0.0,AAPL,-19.992954137775943,0.0,0.0
2024-10-21 12:36:50+00:00,0.0,0.0,200.0,0.0,0.0,0.0,0.0,0.0,0.0,0.0,AAPL,-19.992954137775943,0.0,0.0
2024-10-21 12:36:53+00:00,100.0,80.0,1207.0,200.0,1.0,505.0,10.0,100.0,15.0,100.0,AAPL,-709.3405157708368,100.0,0.0
2024-10-21 12:36:54+00:00,0.0,200.0,17.0,300.0,400.0,1.0,100.0,500.0,105.0,63.0,AAPL,-534.2229189055553,0.0,0.0
2024-10-21 12:36:56+00:00,0.0,200.0,0.0,-400.0,-1.0,-505.0,-10.0,-100.0,-15.0,-100.0,AAPL,444.9540598483563,0.0,0.0
2024-10-21 12:36:57+00:00,0.0,200.0,0.0,0.0,0.0,0.0,0.0,0.0,0.0,0.0,AAPL,-9.773442780748383,0.0,0.0
2024-10-21 12:36:58+00:00,0.0,201.0,80.0,1207.0,401.0,505.0,10.0,100.0,15.0,100.0,AAPL,-1069.219809119727,0.0,0.0
2024-10-21 12:37:00+00:00,0.0,200.0,0.0,200.0,0.0,0.0,0.0,0.0,0.0,0.0,AAPL,-111.04783683230498,0.0,0.0
2024-10-21 12:37:01+00:00,30.0,131.0,124.0,-990.0,116.0,-5.0,391.0,1.0,585.0,505.0,AAPL,68.59822308315243,30.0,0.0
2024-10-21 12:37:02+00:00,0.0,0.0,400.0,1207.0,1.0,505.0,10.0,100.0,15.0,100.0,AAPL,-945.2194519965393,0.0,0.0
2024-10-21 12:37:05+00:00,2.0,2.0,128.0,4.0,200.0,17.0,100.0,400.0,1.0,100.0,AAPL,-243.61861488721922,2.0,0.0
2024-10-21 12:37:09+00:00,0.0,0.0,-400.0,-807.0,-1.0,-505.0,-10.0,-100.0,-15.0,-100.0,AAPL,826.3983860811302,0.0,0.0
2024-10-21 12:37:10+00:00,0.0,0.0,400.0,1207.0,1.0,505.0,10.0,100.0,15.0,100.0,AAPL,-945.2194519965393,0.0,0.0
2024-10-21 12:37:17+00:00,0.0,0.0,-400.0,-807.0,-1.0,-505.0,-10.0,-100.0,-15.0,-100.0,AAPL,826.3983860811302,0.0,0.0
2024-10-21 12:37:19+00:00,0.0,0.0,0.0,0.0,200.0,0.0,0.0,0.0,0.0,0.0,AAPL,-43.67402445605773,0.0,0.0
2024-10-21 12:37:24+00:00,0.0,0.0,400.0,1207.0,1.0,505.0,10.0,100.0,15.0,100.0,AAPL,-945.2194519965393,0.0,0.0
2024-10-21 12:37:25+00:00,0.0,0.0,-400.0,-807.0,-1.0,-505.0,-10.0,-100.0,-15.0,-100.0,AAPL,826.3983860811302,0.0,0.0
2024-10-21 12:37:27+00:00,0.0,0.0,400.0,1207.0,1.0,505.0,10.0,100.0,15.0,100.0,AAPL,-945.2194519965393,0.0,0.0
2024-10-21 12:37:36+00:00,0.0,0.0,0.0,400.0,0.0,0.0,0.0,0.0,0.0,0.0,AAPL,-160.68492700926123,0.0,0.0
2024-10-21 12:37:38+00:00,0.0,0.0,0.0,0.0,200.0,0.0,0.0,0.0,0.0,0.0,AAPL,-43.67402445605773,0.0,0.0
2024-10-21 12:37:39+00:00,0.0,0.0,200.0,0.0,200.0,0.0,0.0,0.0,0.0,0.0,AAPL,-105.53083968768563,0.0,0.0
2024-10-21 12:37:42+00:00,0.0,0.0,200.0,-1207.0,-1.0,-505.0,-10.0,-100.0,-15.0,-100.0,AAPL,843.3767284893594,0.0,0.0
2024-10-21 12:37:47+00:00,1.0,1.0,80.0,1607.0,1.0,505.0,10.0,100.0,15.0,100.0,AAPL,-1049.093426916565,1.0,0.0
2024-10-21 12:37:48+00:00,24.0,2.0,2.0,128.0,4.0,400.0,17.0,100.0,400.0,1.0,AAPL,-315.9974690352214,24.0,0.0
2024-10-21 12:37:49+00:00,0.0,0.0,400.0,-400.0,0.0,0.0,0.0,0.0,0.0,0.0,AAPL,120.69901873370932,0.0,0.0
2024-10-21 12:37:50+00:00,0.0,0.0,-400.0,400.0,0.0,200.0,0.0,0.0,0.0,0.0,AAPL,-115.71781163920647,0.0,0.0
2024-10-21 12:37:51+00:00,0.0,0.0,400.0,-400.0,0.0,0.0,0.0,0.0,0.0,0.0,AAPL,120.69901873370932,0.0,0.0
2024-10-21 12:37:54+00:00,0.0,0.0,400.0,80.0,1207.0,201.0,505.0,10.0,100.0,15.0,AAPL,-880.6272167785146,0.0,0.0
2024-10-21 12:37:57+00:00,0.0,0.0,0.0,0.0,0.0,200.0,0.0,0.0,0.0,0.0,AAPL,-36.88265399934911,0.0,0.0
2024-10-21 12:38:00+00:00,0.0,0.0,0.0,-80.0,-1207.0,399.0,-505.0,-10.0,-100.0,-15.0,AAPL,604.4017632233596,0.0,0.0
2024-10-21 12:38:01+00:00,-1.0,-481.0,-1687.0,-1207.0,-1.0,-505.0,-10.0,-100.0,-15.0,-100.0,AAPL,1551.2214006863267,-1.0,0.0
2024-10-21 12:38:02+00:00,0.0,400.0,-400.0,-1.0,-505.0,-10.0,-100.0,-15.0,-100.0,-10.0,AAPL,340.08861570341224,0.0,0.0
2024-10-21 12:38:13+00:00,4.0,24.0,2.0,2.0,128.0,4.0,200.0,17.0,100.0,400.0,AAPL,-186.24510694709855,4.0,0.0
2024-10-21 12:38:18+00:00,0.0,-400.0,200.0,1.0,505.0,10.0,100.0,15.0,100.0,10.0,AAPL,-194.50407828408044,0.0,0.0
2024-10-21 12:38:20+00:00,124.0,-1328.0,-41.0,-476.0,-487.0,22.0,-111.0,-115.0,-110.0,-120.0,AAPL,944.6903778418525,124.0,0.0
2024-10-21 12:38:21+00:00,0.0,1.0,400.0,0.0,0.0,0.0,800.0,0.0,0.0,0.0,AAPL,-291.1486573449124,0.0,0.0
2024-10-21 12:38:22+00:00,0.0,0.0,0.0,505.0,10.0,100.0,15.0,100.0,10.0,110.0,AAPL,-312.50912431221633,0.0,0.0
2024-10-21 12:38:23+00:00,0.0,0.0,0.0,0.0,0.0,0.0,0.0,0.0,0.0,0.0,AAPL,41.86386109385194,0.0,0.0
2024-10-21 12:38:24+00:00,0.0,0.0,200.0,0.0,0.0,0.0,0.0,0.0,0.0,0.0,AAPL,-19.992954137775943,0.0,0.0
2024-10-21 12:38:27+00:00,0.0,0.0,200.0,0.0,0.0,-400.0,-400.0,-17.0,-100.0,-400.0,AAPL,353.57063516944345,0.0,0.0
2024-10-21 12:38:28+00:00,40.0,128.0,4.0,128.0,-396.0,824.0,0.0,0.0,0.0,0.0,AAPL,-213.82357740445863,40.0,0.0
2024-10-21 12:38:30+00:00,0.0,200.0,1.0,0.0,0.0,400.0,400.0,17.0,100.0,400.0,AAPL,-383.64631616412595,0.0,0.0
2024-10-21 12:38:31+00:00,0.0,0.0,0.0,0.0,0.0,0.0,400.0,0.0,0.0,0.0,AAPL,-62.65648963421584,0.0,0.0
2024-10-21 12:38:32+00:00,0.0,200.0,0.0,0.0,0.0,0.0,0.0,0.0,0.0,0.0,AAPL,-9.773442780748383,0.0,0.0
2024-10-21 12:38:33+00:00,133.0,912.0,1403.0,73.0,701.0,291.0,-290.0,98.0,15.0,-290.0,AAPL,-978.1251349533984,133.0,0.0
2024-10-21 12:38:34+00:00,-13.0,-1112.0,-1204.0,-73.0,-701.0,-691.0,290.0,-98.0,-15.0,290.0,AAPL,1204.8870998693226,-13.0,0.0
2024-10-21 12:38:36+00:00,0.0,400.0,1.0,0.0,0.0,0.0,0.0,0.0,0.0,0.0,AAPL,-61.72003073150686,0.0,0.0
2024-10-21 12:38:38+00:00,0.0,-200.0,199.0,0.0,0.0,0.0,0.0,0.0,0.0,0.0,AAPL,31.95363381298252,0.0,0.0
2024-10-21 12:38:41+00:00,0.0,200.0,201.0,0.0,0.0,0.0,600.0,0.0,0.0,0.0,AAPL,-228.72006818063605,0.0,0.0
2024-10-21 12:38:53+00:00,12.0,20.0,128.0,4.0,128.0,4.0,0.0,0.0,0.0,0.0,AAPL,-61.687751994418434,12.0,0.0
2024-10-21 12:38:54+00:00,0.0,-200.0,399.0,0.0,0.0,0.0,0.0,0.0,0.0,0.0,AAPL,-29.903181418645367,0.0,0.0
2024-10-21 12:38:57+00:00,0.0,0.0,200.0,0.0,0.0,0.0,0.0,0.0,0.0,0.0,AAPL,-19.992954137775943,0.0,0.0
2024-10-21 12:39:00+00:00,0.0,0.0,0.0,0.0,0.0,0.0,0.0,0.0,2.0,100.0,AAPL,20.89671303421568,0.0,0.0
2024-10-21 12:39:05+00:00,73.0,-20.0,-128.0,-4.0,-128.0,-404.0,-400.0,-17.0,-2.0,-100.0,AAPL,429.60263270880114,73.0,0.0
2024-10-21 12:39:06+00:00,-69.0,-1207.0,-1.0,-200.0,-505.0,-10.0,-100.0,-15.0,-100.0,-10.0,AAPL,734.9734501319813,-69.0,0.0
2024-10-21 12:39:13+00:00,0.0,0.0,0.0,0.0,0.0,600.0,0.0,0.0,0.0,0.0,AAPL,-194.37568418575123,0.0,0.0
2024-10-21 12:39:17+00:00,0.0,0.0,0.0,0.0,0.0,0.0,0.0,0.0,0.0,0.0,AAPL,41.86386109385194,0.0,0.0
2024-10-21 12:39:18+00:00,0.0,0.0,200.0,0.0,0.0,0.0,0.0,0.0,0.0,0.0,AAPL,-19.992954137775943,0.0,0.0
2024-10-21 12:39:20+00:00,0.0,200.0,1.0,0.0,0.0,0.0,0.0,0.0,0.0,0.0,AAPL,-10.082726856906524,0.0,0.0
2024-10-21 12:39:30+00:00,2.0,-180.0,327.0,4.0,128.0,4.0,400.0,17.0,2.0,100.0,AAPL,-201.13495772638416,2.0,0.0
2024-10-21 12:39:33+00:00,0.0,0.0,200.0,0.0,0.0,0.0,0.0,0.0,0.0,0.0,AAPL,-19.992954137775943,0.0,0.0
2024-10-21 12:39:34+00:00,0.0,0.0,200.0,0.0,0.0,0.0,0.0,0.0,0.0,0.0,AAPL,-19.992954137775943,0.0,0.0
2024-10-21 12:39:39+00:00,0.0,0.0,0.0,0.0,0.0,0.0,0.0,0.0,0.0,0.0,AAPL,41.86386109385194,0.0,0.0
2024-10-21 12:39:42+00:00,0.0,200.0,1.0,0.0,0.0,0.0,0.0,0.0,0.0,0.0,AAPL,-10.082726856906524,0.0,0.0
2024-10-21 12:40:00+00:00,0.0,0.0,0.0,0.0,0.0,0.0,0.0,0.0,-2.0,-100.0,AAPL,62.83100915348819,0.0,0.0
2024-10-21 12:40:02+00:00,200.0,-200.0,-1.0,-505.0,-10.0,-100.0,-15.0,-100.0,-10.0,-110.0,AAPL,440.6025008218264,200.0,0.0
2024-10-21 12:40:06+00:00,0.0,-6.0,0.0,0.0,0.0,0.0,0.0,0.0,0.0,0.0,AAPL,43.41298021008995,0.0,0.0
2024-10-21 12:40:16+00:00,200.0,1207.0,1.0,505.0,10.0,100.0,15.0,100.0,10.0,110.0,AAPL,-632.0304709004397,200.0,0.0
2024-10-21 12:40:17+00:00,2.0,2.0,26.0,128.0,4.0,200.0,-400.0,-17.0,-100.0,-400.0,AAPL,104.02796686232759,2.0,0.0
2024-10-21 12:40:21+00:00,-200.0,-1007.0,0.0,0.0,0.0,400.0,0.0,0.0,0.0,0.0,AAPL,151.94558954491492,-200.0,0.0
2024-10-21 12:40:23+00:00,-2.0,-102.0,-26.0,-128.0,-4.0,-400.0,-17.0,-100.0,-400.0,-1.0,AAPL,432.13275828884707,-2.0,0.0
2024-10-21 12:40:26+00:00,200.0,-200.0,-1.0,-505.0,-10.0,-100.0,-15.0,-100.0,-10.0,-110.0,AAPL,440.6025008218264,200.0,0.0
2024-10-21 12:40:29+00:00,98.0,-126.0,-128.0,-4.0,-400.0,-17.0,-100.0,-400.0,-1.0,-100.0,AAPL,441.1088842126589,98.0,0.0
2024-10-21 12:40:30+00:00,6.0,0.0,0.0,0.0,0.0,0.0,0.0,0.0,0.0,0.0,AAPL,41.636433084986365,6.0,0.0
2024-10-21 12:40:37+00:00,4.0,20.0,128.0,4.0,400.0,17.0,100.0,400.0,1.0,100.0,AAPL,-333.8796671221315,4.0,0.0
2024-10-21 12:40:40+00:00,5.0,1407.0,1.0,505.0,10.0,100.0,15.0,100.0,10.0,110.0,AAPL,-676.2763644869092,5.0,0.0
2024-10-21 12:40:41+00:00,0.0,-5.0,0.0,0.0,0.0,0.0,0.0,0.0,0.0,0.0,AAPL,43.15479369071694,0.0,0.0
2024-10-21 12:40:43+00:00,0.0,0.0,0.0,200.0,505.0,10.0,100.0,15.0,100.0,10.0,AAPL,-336.6898928829521,0.0,0.0
2024-10-21 12:40:45+00:00,0.0,0.0,0.0,0.0,400.0,0.0,0.0,0.0,0.0,0.0,AAPL,-129.2119100059674,0.0,0.0
2024-10-21 12:40:46+00:00,0.0,0.0,200.0,-200.0,-505.0,-10.0,-100.0,-15.0,-100.0,-10.0,AAPL,358.560799839028,0.0,0.0
2024-10-21 12:40:48+00:00,0.0,0.0,-200.0,400.0,505.0,10.0,100.0,15.0,100.0,10.0,AAPL,-376.10747170288084,0.0,0.0
2024-10-21 12:40:49+00:00,0.0,0.0,0.0,-200.0,0.0,0.0,0.0,0.0,0.0,0.0,AAPL,143.13825514540852,0.0,0.0
2024-10-21 12:40:51+00:00,0.0,0.0,200.0,0.0,-505.0,-10.0,-100.0,-15.0,-100.0,-10.0,AAPL,257.28640578747144,0.0,0.0
2024-10-21 12:40:53+00:00,0.0,0.0,-200.0,200.0,505.0,10.0,100.0,15.0,100.0,10.0,AAPL,-274.8330776513242,0.0,0.0
2024-10-21 12:40:54+00:00,0.0,0.0,0.0,200.0,0.0,0.0,0.0,0.0,0.0,0.0,AAPL,-59.41053295770465,0.0,0.0
2024-10-21 12:40:56+00:00,0.0,200.0,0.0,-400.0,-505.0,-10.0,-100.0,-15.0,-100.0,-10.0,AAPL,470.05470524761216,0.0,0.0
2024-10-21 12:41:00+00:00,0.0,0.0,0.0,0.0,0.0,0.0,2.0,100.0,400.0,1.0,AAPL,-86.01390256599788,0.0,0.0
2024-10-21 12:41:02+00:00,96.0,-25.0,-128.0,-4.0,-400.0,-17.0,-2.0,-100.0,-400.0,-1.0,AAPL,391.94051410819213,96.0,0.0
2024-10-21 12:41:07+00:00,0.0,0.0,0.0,400.0,0.0,0.0,0.0,0.0,0.0,0.0,AAPL,-160.68492700926123,0.0,0.0
2024-10-21 12:41:24+00:00,0.0,-200.0,200.0,401.0,505.0,10.0,100.0,15.0,100.0,10.0,AAPL,-448.69017026179404,0.0,0.0
2024-10-21 12:41:33+00:00,0.0,0.0,0.0,400.0,0.0,0.0,0.0,0.0,0.0,0.0,AAPL,-160.68492700926123,0.0,0.0
2024-10-21 12:41:36+00:00,0.0,0.0,200.0,0.0,0.0,0.0,0.0,0.0,0.0,0.0,AAPL,-19.992954137775943,0.0,0.0
2024-10-21 12:41:37+00:00,-281.0,-1430.0,-73.0,3.0,295.0,7.0,-98.0,85.0,300.0,-9.0,AAPL,243.33701747738942,-281.0,0.0
2024-10-21 12:41:39+00:00,0.0,0.0,0.0,0.0,0.0,0.0,0.0,0.0,0.0,0.0,AAPL,41.86386109385194,0.0,0.0
2024-10-21 12:41:40+00:00,0.0,0.0,0.0,0.0,200.0,0.0,0.0,0.0,0.0,0.0,AAPL,-43.67402445605773,0.0,0.0
2024-10-21 12:41:44+00:00,0.0,0.0,-400.0,-105.0,0.0,0.0,0.0,0.0,0.0,0.0,AAPL,218.7465484341749,0.0,0.0
2024-10-21 12:41:47+00:00,0.0,0.0,0.0,0.0,200.0,0.0,0.0,0.0,0.0,0.0,AAPL,-43.67402445605773,0.0,0.0
2024-10-21 12:41:49+00:00,-10.0,1018.0,-191.0,501.0,0.0,-7.0,98.0,-85.0,-300.0,9.0,AAPL,-341.9350489683192,-10.0,0.0
2024-10-21 12:41:50+00:00,-64.0,-1207.0,-1.0,-505.0,-400.0,-10.0,-100.0,-15.0,-100.0,-10.0,AAPL,844.3199878061812,-64.0,0.0
2024-10-21 12:41:54+00:00,0.0,0.0,0.0,600.0,0.0,0.0,0.0,0.0,0.0,0.0,AAPL,-261.9593210608178,0.0,0.0
2024-10-21 12:42:00+00:00,0.0,0.0,0.0,0.0,0.0,-2.0,-100.0,-400.0,-1.0,-100.0,AAPL,193.69643088871584,0.0,0.0
2024-10-21 12:42:01+00:00,0.0,0.0,0.0,0.0,1.0,17.0,100.0,400.0,1.0,100.0,AAPL,-116.30238676075157,0.0,0.0
2024-10-21 12:42:06+00:00,0.0,0.0,800.0,105.0,0.0,0.0,0.0,0.0,0.0,0.0,AAPL,-258.73245670972676,0.0,0.0
2024-10-21 12:42:10+00:00,0.0,0.0,0.0,-505.0,-10.0,-100.0,-15.0,-100.0,-10.0,-110.0,AAPL,396.2368464999204,0.0,0.0
2024-10-21 12:42:11+00:00,200.0,1007.0,401.0,505.0,9.0,83.0,-85.0,-300.0,9.0,10.0,AAPL,-545.9405496344918,200.0,0.0
2024-10-21 12:42:14+00:00,0.0,-200.0,0.0,0.0,0.0,0.0,0.0,0.0,0.0,0.0,AAPL,93.50116496845224,0.0,0.0
2024-10-21 12:42:16+00:00,0.0,200.0,0.0,-400.0,400.0,10.0,100.0,15.0,100.0,10.0,AAPL,-39.59662468917996,0.0,0.0
2024-10-21 12:42:19+00:00,20.0,-175.0,728.0,4.0,1.0,17.0,100.0,400.0,1.0,100.0,AAPL,-299.06213455751816,20.0,0.0
2024-10-21 12:42:20+00:00,0.0,0.0,400.0,0.0,0.0,-9.0,-83.0,85.0,300.0,-9.0,AAPL,-152.74457984529676,0.0,0.0
2024-10-21 12:42:23+00:00,-20.0,-25.0,-128.0,-4.0,-400.0,-1.0,-17.0,-100.0,-400.0,-1.0,AAPL,393.957247557773,-20.0,0.0
2024-10-21 12:42:26+00:00,0.0,0.0,0.0,0.0,0.0,0.0,0.0,0.0,0.0,0.0,AAPL,41.86386109385194,0.0,0.0
2024-10-21 12:42:30+00:00,316.0,172.0,1403.0,1007.0,488.0,398.0,-390.0,-286.0,14.0,-490.0,AAPL,-1050.647896616703,316.0,0.0
2024-10-21 12:42:31+00:00,-101.0,-300.0,-1007.0,-1407.0,-489.0,-415.0,290.0,-114.0,-15.0,390.0,AAPL,1397.5125314322286,-101.0,0.0
2024-10-21 12:42:33+00:00,0.0,0.0,0.0,0.0,0.0,0.0,0.0,0.0,0.0,0.0,AAPL,41.86386109385194,0.0,0.0
2024-10-21 12:42:36+00:00,-82.0,-5.0,199.0,-17.0,388.0,-490.0,-301.0,-86.0,-500.0,-595.0,AAPL,369.48621245830736,-82.0,0.0
2024-10-21 12:42:38+00:00,0.0,0.0,-200.0,399.0,0.0,0.0,0.0,0.0,0.0,0.0,AAPL,-98.32173980737555,0.0,0.0
2024-10-21 12:42:39+00:00,0.0,200.0,0.0,0.0,0.0,0.0,0.0,0.0,0.0,0.0,AAPL,-9.773442780748383,0.0,0.0
2024-10-21 12:42:40+00:00,0.0,0.0,200.0,-400.0,-505.0,-10.0,-100.0,-15.0,-100.0,-10.0,AAPL,459.83519389058455,0.0,0.0
2024-10-21 12:42:42+00:00,0.0,200.0,0.0,0.0,0.0,0.0,0.0,0.0,0.0,0.0,AAPL,-9.773442780748383,0.0,0.0
2024-10-21 12:42:43+00:00,0.0,0.0,0.0,0.0,0.0,0.0,0.0,0.0,0.0,0.0,AAPL,41.86386109385194,0.0,0.0
2024-10-21 12:43:00+00:00,0.0,0.0,0.0,2.0,100.0,400.0,1.0,100.0,500.0,105.0,AAPL,-333.5825281614791,0.0,0.0
2024-10-21 12:43:02+00:00,0.0,0.0,200.0,1.0,505.0,10.0,100.0,15.0,100.0,10.0,AAPL,-297.77868603328096,0.0,0.0
2024-10-21 12:43:04+00:00,0.0,0.0,0.0,-1.0,-505.0,-10.0,-100.0,-15.0,-100.0,-10.0,AAPL,319.649592989357,0.0,0.0
2024-10-21 12:43:05+00:00,128.0,1.0,200.0,17.0,2.0,100.0,400.0,1.0,100.0,500.0,AAPL,-306.3040785090337,128.0,0.0
2024-10-21 12:43:06+00:00,0.0,400.0,401.0,0.0,0.0,0.0,0.0,0.0,0.0,0.0,AAPL,-185.43366119476264,0.0,0.0
2024-10-21 12:43:07+00:00,0.0,0.0,-200.0,200.0,505.0,10.0,100.0,15.0,100.0,10.0,AAPL,-274.8330776513242,0.0,0.0
2024-10-21 12:43:08+00:00,0.0,0.0,200.0,1.0,0.0,0.0,0.0,0.0,0.0,0.0,AAPL,-20.499326108033735,0.0,0.0
2024-10-21 12:43:09+00:00,0.0,400.0,0.0,0.0,0.0,0.0,0.0,0.0,0.0,0.0,AAPL,-61.4107466553487,0.0,0.0
2024-10-21 12:43:12+00:00,0.0,400.0,-200.0,199.0,0.0,0.0,0.0,0.0,0.0,0.0,AAPL,-100.32195350501962,0.0,0.0
2024-10-21 12:43:13+00:00,0.0,0.0,200.0,-200.0,-505.0,-10.0,-100.0,-15.0,-100.0,-10.0,AAPL,358.560799839028,0.0,0.0
2024-10-21 12:43:18+00:00,0.0,0.0,0.0,0.0,0.0,0.0,0.0,0.0,0.0,0.0,AAPL,41.86386109385194,0.0,0.0
2024-10-21 12:43:19+00:00,200.0,128.0,400.0,1.0,17.0,2.0,100.0,400.0,1.0,100.0,AAPL,-282.08823951486437,200.0,0.0
2024-10-21 12:43:27+00:00,50.0,200.0,1207.0,201.0,505.0,10.0,100.0,15.0,100.0,10.0,AAPL,-764.0346820578975,50.0,0.0
2024-10-21 12:43:28+00:00,0.0,-200.0,0.0,-201.0,183.0,503.0,-90.0,-300.0,14.0,0.0,AAPL,17.09631040872133,0.0,0.0
2024-10-21 12:43:29+00:00,0.0,200.0,200.0,801.0,18.0,2.0,100.0,400.0,1.0,100.0,AAPL,-636.7651856832158,0.0,0.0
2024-10-21 12:43:30+00:00,0.0,0.0,200.0,0.0,0.0,0.0,0.0,0.0,0.0,0.0,AAPL,-19.992954137775943,0.0,0.0
2024-10-21 12:43:31+00:00,0.0,0.0,0.0,-400.0,199.0,0.0,0.0,0.0,0.0,0.0,AAPL,159.302453074805,0.0,0.0
2024-10-21 12:43:32+00:00,-139.0,-397.0,-441.0,-202.0,166.0,-109.0,-200.0,-800.0,-2.0,-200.0,AAPL,662.3246887420311,-139.0,0.0
2024-10-21 12:43:33+00:00,0.0,0.0,0.0,0.0,600.0,505.0,0.0,0.0,0.0,0.0,AAPL,-413.5847461662097,0.0,0.0
2024-10-21 12:43:48+00:00,10.0,100.0,200.0,1207.0,1.0,400.0,505.0,10.0,100.0,15.0,AAPL,-978.2086432979305,10.0,0.0
2024-10-21 12:43:49+00:00,0.0,0.0,0.0,0.0,400.0,1.0,0.0,0.0,0.0,0.0,AAPL,-129.60564258143341,0.0,0.0
2024-10-21 12:43:54+00:00,0.0,-100.0,-200.0,-1207.0,-400.0,-1.0,-505.0,-10.0,-100.0,-15.0,AAPL,1075.1061028653255,0.0,0.0
2024-10-21 12:43:59+00:00,0.0,-600.0,199.0,-417.0,-3.0,-605.0,-410.0,-101.0,-115.0,-600.0,AAPL,871.1568845207073,0.0,0.0
2024-10-21 12:44:00+00:00,0.0,0.0,0.0,-2.0,-100.0,-400.0,-1.0,-100.0,-500.0,-105.0,AAPL,417.3102503491831,0.0,0.0
2024-10-21 12:44:01+00:00,180.0,97.0,-572.0,80.0,12.0,490.0,301.0,86.0,500.0,595.0,AAPL,-400.84055235013085,180.0,0.0
2024-10-21 12:44:03+00:00,0.0,0.0,200.0,0.0,0.0,0.0,0.0,0.0,0.0,0.0,AAPL,-19.992954137775943,0.0,0.0
2024-10-21 12:44:10+00:00,-390.0,-1335.0,-601.0,-1.0,-17.0,-100.0,-400.0,-1.0,-100.0,-500.0,AAPL,866.7199450256508,-390.0,0.0
2024-10-21 12:44:22+00:00,1.0,1207.0,1.0,200.0,505.0,10.0,100.0,15.0,100.0,10.0,AAPL,-648.6682105104674,1.0,0.0
2024-10-21 12:44:24+00:00,-1.0,-1207.0,199.0,-200.0,-505.0,-10.0,-100.0,-15.0,-100.0,-10.0,AAPL,670.5391174665434,-1.0,0.0
2024-10-21 12:44:29+00:00,0.0,0.0,-400.0,-105.0,0.0,0.0,0.0,0.0,0.0,0.0,AAPL,218.7465484341749,0.0,0.0
2024-10-21 12:44:37+00:00,100.0,0.0,0.0,0.0,0.0,0.0,0.0,0.0,0.0,0.0,AAPL,38.073394279425756,100.0,0.0
2024-10-21 12:44:43+00:00,0.0,0.0,400.0,505.0,0.0,0.0,0.0,0.0,0.0,0.0,AAPL,-337.5676143495842,0.0,0.0
2024-10-21 12:44:44+00:00,0.0,200.0,0.0,0.0,0.0,0.0,0.0,0.0,0.0,0.0,AAPL,-9.773442780748383,0.0,0.0
2024-10-21 12:44:49+00:00,0.0,0.0,-400.0,-105.0,0.0,0.0,0.0,0.0,0.0,0.0,AAPL,218.7465484341749,0.0,0.0
2024-10-21 12:44:56+00:00,100.0,1207.0,1.0,505.0,400.0,10.0,100.0,15.0,100.0,10.0,AAPL,-761.9568336716703,100.0,0.0
2024-10-21 12:44:59+00:00,10.0,0.0,0.0,0.0,0.0,0.0,0.0,0.0,0.0,0.0,AAPL,41.48481441240933,10.0,0.0
2024-10-21 12:45:00+00:00,196.0,-200.0,-1.0,183.0,5.0,0.0,399.0,-100.0,-500.0,-105.0,AAPL,61.227938017803886,196.0,0.0
2024-10-21 12:45:01+00:00,200.0,0.0,200.0,1.0,0.0,0.0,0.0,0.0,0.0,0.0,AAPL,-28.08025973688612,200.0,0.0
2024-10-21 12:45:03+00:00,0.0,0.0,200.0,0.0,0.0,0.0,0.0,0.0,0.0,0.0,AAPL,-19.992954137775943,0.0,0.0
2024-10-21 12:45:04+00:00,15.0,200.0,201.0,16.0,-405.0,390.0,-99.0,85.0,400.0,95.0,AAPL,-177.76434902439107,15.0,0.0
2024-10-21 12:45:06+00:00,0.0,0.0,0.0,0.0,0.0,0.0,0.0,0.0,0.0,0.0,AAPL,41.86386109385194,0.0,0.0
2024-10-21 12:45:07+00:00,0.0,0.0,0.0,0.0,0.0,0.0,0.0,0.0,0.0,0.0,AAPL,41.86386109385194,0.0,0.0
2024-10-21 12:45:08+00:00,85.0,-190.0,1206.0,384.0,405.0,-390.0,99.0,-85.0,-400.0,-95.0,AAPL,-382.5917440536767,85.0,0.0
2024-10-21 12:45:09+00:00,0.0,0.0,0.0,0.0,0.0,0.0,0.0,0.0,0.0,0.0,AAPL,41.86386109385194,0.0,0.0
2024-10-21 12:45:10+00:00,0.0,0.0,0.0,-200.0,0.0,0.0,0.0,0.0,0.0,0.0,AAPL,143.13825514540852,0.0,0.0
2024-10-21 12:45:11+00:00,0.0,0.0,0.0,200.0,0.0,0.0,0.0,0.0,0.0,0.0,AAPL,-59.41053295770465,0.0,0.0
2024-10-21 12:45:16+00:00,-100.0,-10.0,-1207.0,-401.0,-505.0,-10.0,-100.0,-15.0,-100.0,-10.0,AAPL,901.8765930235008,-100.0,0.0
2024-10-21 12:45:17+00:00,0.0,0.0,200.0,1.0,505.0,10.0,100.0,15.0,100.0,10.0,AAPL,-297.77868603328096,0.0,0.0
2024-10-21 12:45:39+00:00,-200.0,199.0,0.0,0.0,0.0,0.0,0.0,0.0,0.0,0.0,AAPL,-1.9343226325229912,-200.0,0.0
2024-10-21 12:45:40+00:00,0.0,0.0,400.0,0.0,0.0,0.0,0.0,0.0,0.0,0.0,AAPL,-81.84976936940383,0.0,0.0
2024-10-21 12:45:41+00:00,-200.0,-200.0,-17.0,-100.0,-400.0,-1.0,-100.0,-500.0,-105.0,-63.0,AAPL,524.2571806705548,-200.0,0.0
2024-10-21 12:45:42+00:00,0.0,0.0,-200.0,0.0,0.0,0.0,0.0,0.0,0.0,0.0,AAPL,103.72067632547981,0.0,0.0
2024-10-21 12:45:46+00:00,0.0,0.0,200.0,0.0,0.0,0.0,0.0,0.0,0.0,0.0,AAPL,-19.992954137775943,0.0,0.0
2024-10-21 12:46:00+00:00,0.0,0.0,2.0,100.0,400.0,1.0,100.0,500.0,105.0,63.0,AAPL,-376.67195983702635,0.0,0.0
2024-10-21 12:46:01+00:00,0.0,0.0,200.0,0.0,0.0,0.0,0.0,0.0,0.0,0.0,AAPL,-19.992954137775943,0.0,0.0
2024-10-21 12:46:10+00:00,0.0,0.0,-400.0,199.0,0.0,0.0,0.0,0.0,0.0,0.0,AAPL,64.80946947580891,0.0,0.0
2024-10-21 12:46:12+00:00,-179.0,401.0,417.0,3.0,100.0,400.0,1.0,100.0,500.0,105.0,AAPL,-559.8082185604319,-179.0,0.0
2024-10-21 12:46:16+00:00,-21.0,-401.0,-17.0,-2.0,-100.0,-400.0,-1.0,-100.0,-500.0,-105.0,AAPL,526.8968719434746,-21.0,0.0
2024-10-21 12:46:19+00:00,200.0,0.0,0.0,0.0,0.0,0.0,0.0,0.0,0.0,0.0,AAPL,34.28292746499956,200.0,0.0
2024-10-21 12:46:23+00:00,0.0,0.0,400.0,0.0,0.0,0.0,0.0,0.0,0.0,0.0,AAPL,-81.84976936940383,0.0,0.0
2024-10-21 12:46:25+00:00,0.0,0.0,-400.0,199.0,0.0,0.0,0.0,0.0,0.0,0.0,AAPL,64.80946947580891,0.0,0.0
2024-10-21 12:46:26+00:00,200.0,1.0,17.0,2.0,100.0,400.0,1.0,100.0,500.0,105.0,AAPL,-346.67947760439296,200.0,0.0
2024-10-21 12:46:30+00:00,1.0,200.0,1.0,17.0,2.0,100.0,400.0,1.0,100.0,500.0,AAPL,-291.32177185447,1.0,0.0
2024-10-21 12:46:36+00:00,0.0,-200.0,399.0,200.0,0.0,0.0,0.0,0.0,0.0,0.0,AAPL,-131.177575470202,0.0,0.0
2024-10-21 12:46:40+00:00,0.0,0.0,200.0,0.0,0.0,0.0,0.0,0.0,0.0,0.0,AAPL,-19.992954137775943,0.0,0.0
2024-10-21 12:46:42+00:00,0.0,0.0,0.0,400.0,0.0,0.0,0.0,0.0,0.0,0.0,AAPL,-160.68492700926123,0.0,0.0
2024-10-21 12:46:46+00:00,0.0,0.0,600.0,0.0,0.0,0.0,0.0,0.0,0.0,0.0,AAPL,-143.70658460103172,0.0,0.0
2024-10-21 12:46:52+00:00,0.0,0.0,0.0,0.0,0.0,0.0,0.0,0.0,9.0,0.0,AAPL,39.58910230815273,0.0,0.0
2024-10-21 12:47:00+00:00,0.0,0.0,0.0,0.0,-2.0,-100.0,-400.0,-1.0,-100.0,-500.0,AAPL,314.45667792888884,0.0,0.0
2024-10-21 12:47:02+00:00,0.0,400.0,1.0,0.0,0.0,0.0,0.0,0.0,0.0,0.0,AAPL,-61.72003073150686,0.0,0.0
2024-10-21 12:47:08+00:00,82.0,-1207.0,-1.0,-400.0,-505.0,-10.0,-100.0,-15.0,-109.0,-10.0,AAPL,832.7989980794534,82.0,0.0
2024-10-21 12:47:09+00:00,0.0,0.0,-200.0,0.0,0.0,0.0,0.0,0.0,0.0,0.0,AAPL,103.72067632547981,0.0,0.0
2024-10-21 12:47:10+00:00,0.0,200.0,0.0,0.0,0.0,0.0,0.0,0.0,0.0,0.0,AAPL,-9.773442780748383,0.0,0.0
2024-10-21 12:47:11+00:00,0.0,0.0,200.0,0.0,0.0,0.0,0.0,0.0,0.0,0.0,AAPL,-19.992954137775943,0.0,0.0
2024-10-21 12:47:15+00:00,0.0,0.0,0.0,0.0,0.0,0.0,0.0,0.0,0.0,0.0,AAPL,41.86386109385194,0.0,0.0
2024-10-21 12:47:19+00:00,-1.0,-200.0,-1.0,-17.0,-100.0,-400.0,-1.0,-100.0,-500.0,-105.0,AAPL,476.8903225219525,-1.0,0.0
2024-10-21 12:47:25+00:00,-200.0,399.0,0.0,0.0,0.0,0.0,0.0,0.0,0.0,0.0,AAPL,-53.57162650712331,-200.0,0.0
2024-10-21 12:47:26+00:00,0.0,100.0,0.0,0.0,0.0,0.0,0.0,0.0,0.0,0.0,AAPL,16.04520915655178,0.0,0.0
2024-10-21 12:47:27+00:00,0.0,200.0,0.0,0.0,0.0,0.0,0.0,0.0,0.0,0.0,AAPL,-9.773442780748383,0.0,0.0
2024-10-21 12:47:29+00:00,-200.0,-200.0,383.0,-100.0,-400.0,-1.0,-100.0,-500.0,-105.0,-63.0,AAPL,400.5435502072992,-200.0,0.0
2024-10-21 12:47:30+00:00,0.0,0.0,400.0,0.0,0.0,0.0,0.0,0.0,0.0,0.0,AAPL,-81.84976936940383,0.0,0.0
2024-10-21 12:47:34+00:00,200.0,400.0,18.0,100.0,400.0,1.0,100.0,500.0,105.0,63.0,AAPL,-492.4760464336096,200.0,0.0
2024-10-21 12:47:37+00:00,0.0,200.0,-1.0,-505.0,-10.0,-100.0,-15.0,-109.0,-10.0,-110.0,AAPL,347.2533406487437,0.0,0.0
2024-10-21 12:47:38+00:00,0.0,0.0,0.0,0.0,0.0,0.0,1000.0,0.0,0.0,0.0,AAPL,-219.4370157263175,0.0,0.0
2024-10-21 12:47:40+00:00,0.0,200.0,1.0,505.0,10.0,100.0,15.0,1109.0,10.0,110.0,AAPL,-627.3017759064091,0.0,0.0
2024-10-21 12:48:06+00:00,0.0,-200.0,399.0,-505.0,-10.0,-100.0,-15.0,-1109.0,-10.0,-110.0,AAPL,587.315867630857,0.0,0.0
2024-10-21 12:48:08+00:00,128.0,201.0,201.0,17.0,100.0,400.0,1.0,100.0,500.0,105.0,AAPL,-460.0914949395708,128.0,0.0
2024-10-21 12:48:09+00:00,0.0,-200.0,200.0,505.0,10.0,100.0,15.0,1109.0,10.0,110.0,AAPL,-585.5746993126783,0.0,0.0
2024-10-21 12:48:12+00:00,-28.0,0.0,0.0,0.0,0.0,0.0,0.0,0.0,0.0,0.0,AAPL,42.925191801891266,-28.0,0.0
2024-10-21 12:48:13+00:00,0.0,0.0,200.0,-505.0,-10.0,-100.0,-15.0,-1109.0,-10.0,-110.0,AAPL,597.2260949117265,0.0,0.0
2024-10-21 12:48:16+00:00,0.0,0.0,200.0,505.0,10.0,100.0,15.0,1109.0,10.0,110.0,AAPL,-637.2120031872786,0.0,0.0
2024-10-21 12:48:19+00:00,119.0,200.0,400.0,-505.0,-10.0,-100.0,-15.0,-1109.0,-10.0,-110.0,AAPL,479.2213202963312,119.0,0.0
2024-10-21 12:48:20+00:00,10.0,1007.0,400.0,905.0,10.0,100.0,15.0,1109.0,10.0,110.0,AAPL,-1161.9904782120748,10.0,0.0
2024-10-21 12:48:21+00:00,0.0,0.0,0.0,400.0,505.0,10.0,100.0,15.0,1109.0,10.0,AAPL,-692.9900219090079,0.0,0.0
2024-10-21 12:48:26+00:00,-19.0,-1.0,-417.0,-117.0,-500.0,-401.0,-101.0,-600.0,-605.0,-168.0,AAPL,972.77291765367,-19.0,0.0
2024-10-21 12:48:27+00:00,0.0,400.0,17.0,100.0,400.0,1.0,100.0,500.0,105.0,63.0,AAPL,-484.585828728599,0.0,0.0
2024-10-21 12:48:28+00:00,0.0,0.0,200.0,-400.0,-505.0,-10.0,-100.0,-15.0,-1109.0,-10.0,AAPL,714.8609288650839,0.0,0.0
2024-10-21 12:48:30+00:00,0.0,0.0,200.0,1.0,505.0,10.0,100.0,15.0,1109.0,10.0,AAPL,-552.8044210077802,0.0,0.0
2024-10-21 12:48:32+00:00,0.0,0.0,0.0,0.0,0.0,0.0,0.0,0.0,0.0,0.0,AAPL,41.86386109385194,0.0,0.0
2024-10-21 12:48:33+00:00,0.0,200.0,400.0,0.0,0.0,0.0,0.0,0.0,0.0,0.0,AAPL,-133.48707324400414,0.0,0.0
2024-10-21 12:48:36+00:00,0.0,400.0,1207.0,0.0,0.0,0.0,0.0,0.0,0.0,0.0,AAPL,-434.71662657822293,0.0,0.0
2024-10-21 12:48:37+00:00,0.0,200.0,-807.0,0.0,0.0,0.0,0.0,0.0,0.0,0.0,AAPL,239.81880667887012,0.0,0.0
2024-10-21 12:48:38+00:00,0.0,200.0,0.0,0.0,0.0,0.0,0.0,0.0,0.0,0.0,AAPL,-9.773442780748383,0.0,0.0
2024-10-21 12:48:40+00:00,0.0,600.0,1107.0,0.0,0.0,0.0,0.0,0.0,0.0,0.0,AAPL,-455.42552283700934,0.0,0.0
2024-10-21 12:48:43+00:00,0.0,400.0,0.0,0.0,0.0,0.0,0.0,0.0,-1000.0,0.0,AAPL,191.34022953345132,0.0,0.0
2024-10-21 12:48:45+00:00,0.0,400.0,0.0,0.0,1000.0,505.0,10.0,100.0,15.0,109.0,AAPL,-742.6927476527923,0.0,0.0
2024-10-21 12:48:46+00:00,0.0,200.0,-807.0,0.0,0.0,0.0,0.0,0.0,0.0,0.0,AAPL,239.81880667887012,0.0,0.0
2024-10-21 12:48:59+00:00,1.0,129.0,401.0,517.0,217.0,500.0,401.0,101.0,600.0,605.0,AAPL,-1073.5080740771477,1.0,0.0
2024-10-21 12:49:03+00:00,0.0,0.0,0.0,-1000.0,-1000.0,-505.0,-10.0,-100.0,985.0,-109.0,AAPL,976.7668561602784,0.0,0.0
2024-10-21 12:49:07+00:00,0.0,100.0,1207.0,400.0,1.0,1505.0,515.0,110.0,115.0,1124.0,AAPL,-1575.0850609097884,0.0,0.0
2024-10-21 12:49:08+00:00,0.0,0.0,400.0,-400.0,-1.0,-1000.0,-505.0,-10.0,-100.0,-15.0,AAPL,677.7655864535803,0.0,0.0
2024-10-21 12:49:09+00:00,0.0,0.0,0.0,0.0,0.0,0.0,0.0,0.0,0.0,0.0,AAPL,41.86386109385194,0.0,0.0
2024-10-21 12:49:10+00:00,-330.0,-139.0,-501.0,-2124.0,-218.0,-1500.0,-906.0,-111.0,-700.0,-620.0,AAPL,2574.0230288179855,-330.0,0.0
2024-10-21 12:49:11+00:00,0.0,0.0,0.0,0.0,0.0,0.0,0.0,0.0,0.0,0.0,AAPL,41.86386109385194,0.0,0.0
2024-10-21 12:49:13+00:00,0.0,0.0,200.0,1207.0,-999.0,0.0,0.0,0.0,0.0,0.0,AAPL,-203.92218391712117,0.0,0.0
2024-10-21 12:49:14+00:00,0.0,0.0,200.0,-1207.0,-1.0,-505.0,-10.0,-100.0,-15.0,-109.0,AAPL,845.2182766390126,0.0,0.0
2024-10-21 12:49:16+00:00,0.0,0.0,0.0,0.0,1000.0,505.0,10.0,100.0,15.0,109.0,AAPL,-639.4181399035917,0.0,0.0
2024-10-21 12:49:17+00:00,0.0,0.0,0.0,0.0,0.0,0.0,0.0,0.0,0.0,0.0,AAPL,41.86386109385194,0.0,0.0
2024-10-21 12:49:20+00:00,0.0,0.0,0.0,0.0,0.0,0.0,0.0,0.0,0.0,0.0,AAPL,41.86386109385194,0.0,0.0
2024-10-21 12:49:27+00:00,0.0,0.0,400.0,1207.0,1.0,1000.0,505.0,10.0,100.0,15.0,AAPL,-1250.1073051904189,0.0,0.0
2024-10-21 12:49:28+00:00,0.0,0.0,0.0,0.0,0.0,0.0,0.0,0.0,0.0,0.0,AAPL,41.86386109385194,0.0,0.0
2024-10-21 12:49:31+00:00,0.0,0.0,0.0,0.0,0.0,0.0,0.0,0.0,0.0,0.0,AAPL,41.86386109385194,0.0,0.0
2024-10-21 12:49:38+00:00,0.0,0.0,0.0,-1207.0,-1.0,-1000.0,-505.0,-10.0,-100.0,-15.0,AAPL,1210.1213969148666,0.0,0.0
2024-10-21 12:49:39+00:00,100.0,-100.0,-1607.0,-1.0,-1000.0,-505.0,-10.0,-100.0,-15.0,-109.0,AAPL,1242.6999295705573,100.0,0.0
2024-10-21 12:49:43+00:00,0.0,400.0,1207.0,1.0,1000.0,505.0,10.0,100.0,15.0,109.0,AAPL,-1116.504999545924,0.0,0.0
2024-10-21 12:49:46+00:00,405.0,17.0,393.0,1117.0,1213.0,2113.0,906.0,910.0,447.0,2.0,AAPL,-2602.9709647630048,405.0,0.0
2024-10-21 12:49:47+00:00,370.0,-7.0,-10.0,-10.0,-1606.0,-1108.0,-501.0,-1400.0,-452.0,-50.0,AAPL,1781.0160877148621,370.0,0.0
2024-10-21 12:49:48+00:00,0.0,0.0,0.0,0.0,0.0,0.0,0.0,0.0,0.0,0.0,AAPL,41.86386109385194,0.0,0.0
2024-10-21 12:49:49+00:00,-394.0,-117.0,-100.0,-400.0,-1.0,-100.0,-500.0,-105.0,-63.0,-60.0,AAPL,546.4876660950416,-394.0,0.0
2024-10-21 12:49:58+00:00,0.0,0.0,0.0,0.0,0.0,0.0,0.0,0.0,0.0,0.0,AAPL,41.86386109385194,0.0,0.0
2024-10-21 12:50:00+00:00,400.0,200.0,100.0,400.0,1.0,100.0,500.0,105.0,63.0,60.0,AAPL,-484.41685302416244,400.0,0.0
2024-10-21 12:50:02+00:00,0.0,-200.0,0.0,0.0,0.0,0.0,0.0,0.0,0.0,0.0,AAPL,93.50116496845224,0.0,0.0
2024-10-21 12:50:08+00:00,0.0,0.0,0.0,0.0,0.0,0.0,0.0,0.0,0.0,0.0,AAPL,41.86386109385194,0.0,0.0
2024-10-21 12:50:09+00:00,0.0,400.0,0.0,0.0,0.0,0.0,0.0,0.0,0.0,0.0,AAPL,-61.4107466553487,0.0,0.0
2024-10-21 12:50:11+00:00,0.0,400.0,0.0,0.0,0.0,0.0,0.0,0.0,0.0,0.0,AAPL,-61.4107466553487,0.0,0.0
2024-10-21 12:50:12+00:00,0.0,0.0,0.0,0.0,0.0,0.0,0.0,0.0,0.0,0.0,AAPL,41.86386109385194,0.0,0.0
2024-10-21 12:50:13+00:00,0.0,0.0,0.0,0.0,0.0,0.0,0.0,0.0,0.0,0.0,AAPL,41.86386109385194,0.0,0.0
2024-10-21 12:50:14+00:00,0.0,200.0,0.0,0.0,0.0,0.0,0.0,0.0,0.0,0.0,AAPL,-9.773442780748383,0.0,0.0
2024-10-21 12:50:15+00:00,0.0,0.0,0.0,0.0,0.0,0.0,0.0,0.0,0.0,0.0,AAPL,41.86386109385194,0.0,0.0
2024-10-21 12:50:16+00:00,0.0,200.0,400.0,0.0,0.0,0.0,0.0,0.0,0.0,0.0,AAPL,-133.48707324400414,0.0,0.0
2024-10-21 12:50:17+00:00,0.0,0.0,0.0,0.0,0.0,0.0,0.0,0.0,0.0,0.0,AAPL,41.86386109385194,0.0,0.0
2024-10-21 12:50:19+00:00,0.0,600.0,0.0,-1207.0,-1.0,-1000.0,-505.0,-10.0,-100.0,-15.0,AAPL,1055.2094852910654,0.0,0.0
2024-10-21 12:50:20+00:00,0.0,400.0,0.0,0.0,0.0,0.0,0.0,0.0,0.0,0.0,AAPL,-61.4107466553487,0.0,0.0
2024-10-21 12:50:22+00:00,0.0,0.0,0.0,0.0,0.0,0.0,0.0,124.0,0.0,0.0,AAPL,9.561668931527022,0.0,0.0
2024-10-21 12:50:23+00:00,0.0,200.0,0.0,0.0,0.0,0.0,0.0,0.0,0.0,0.0,AAPL,-9.773442780748383,0.0,0.0
2024-10-21 12:50:27+00:00,0.0,400.0,10.0,1207.0,1.0,1000.0,505.0,10.0,224.0,15.0,AAPL,-1264.1022442853557,0.0,0.0
2024-10-21 12:50:30+00:00,0.0,0.0,0.0,0.0,0.0,0.0,0.0,0.0,0.0,0.0,AAPL,41.86386109385194,0.0,0.0
2024-10-21 12:50:36+00:00,0.0,400.0,0.0,0.0,0.0,0.0,0.0,0.0,0.0,0.0,AAPL,-61.4107466553487,0.0,0.0
2024-10-21 12:50:45+00:00,0.0,200.0,0.0,0.0,0.0,0.0,0.0,0.0,0.0,0.0,AAPL,-9.773442780748383,0.0,0.0
2024-10-21 12:50:49+00:00,0.0,0.0,0.0,0.0,0.0,0.0,0.0,0.0,0.0,0.0,AAPL,41.86386109385194,0.0,0.0
2024-10-21 12:50:54+00:00,0.0,0.0,0.0,0.0,0.0,0.0,0.0,0.0,0.0,0.0,AAPL,41.86386109385194,0.0,0.0
2024-10-21 12:50:55+00:00,0.0,-200.0,190.0,0.0,0.0,0.0,0.0,0.0,0.0,0.0,AAPL,34.73719049840577,0.0,0.0
2024-10-21 12:50:58+00:00,0.0,200.0,10.0,0.0,0.0,0.0,0.0,0.0,0.0,0.0,AAPL,-12.866283542329784,0.0,0.0
2024-10-21 12:51:00+00:00,0.0,-200.0,190.0,0.0,0.0,0.0,0.0,0.0,0.0,0.0,AAPL,34.73719049840577,0.0,0.0
2024-10-21 12:51:01+00:00,0.0,0.0,0.0,0.0,0.0,0.0,0.0,0.0,0.0,0.0,AAPL,41.86386109385194,0.0,0.0
2024-10-21 12:51:03+00:00,0.0,0.0,200.0,0.0,0.0,0.0,0.0,0.0,0.0,0.0,AAPL,-19.992954137775943,0.0,0.0
2024-10-21 12:51:10+00:00,0.0,0.0,0.0,0.0,0.0,0.0,0.0,0.0,0.0,0.0,AAPL,41.86386109385194,0.0,0.0
2024-10-21 12:51:13+00:00,0.0,0.0,400.0,0.0,0.0,0.0,0.0,0.0,0.0,0.0,AAPL,-81.84976936940383,0.0,0.0
2024-10-21 12:51:17+00:00,-10.0,0.0,0.0,0.0,0.0,0.0,0.0,0.0,0.0,0.0,AAPL,42.24290777529457,-10.0,0.0
2024-10-21 12:51:18+00:00,0.0,600.0,10.0,0.0,0.0,0.0,0.0,0.0,0.0,0.0,AAPL,-116.14089129153042,0.0,0.0
2024-10-21 12:51:22+00:00,0.0,-400.0,190.0,0.0,0.0,0.0,0.0,0.0,0.0,0.0,AAPL,86.37449437300609,0.0,0.0
2024-10-21 12:51:23+00:00,0.0,0.0,0.0,0.0,0.0,0.0,0.0,0.0,0.0,0.0,AAPL,41.86386109385194,0.0,0.0
2024-10-21 12:51:25+00:00,0.0,0.0,200.0,0.0,0.0,0.0,0.0,0.0,0.0,0.0,AAPL,-19.992954137775943,0.0,0.0
2024-10-21 12:51:26+00:00,0.0,200.0,10.0,0.0,0.0,0.0,0.0,0.0,0.0,0.0,AAPL,-12.866283542329784,0.0,0.0
2024-10-21 12:51:32+00:00,0.0,0.0,0.0,0.0,0.0,0.0,0.0,0.0,0.0,0.0,AAPL,41.86386109385194,0.0,0.0
2024-10-21 12:51:37+00:00,0.0,0.0,0.0,0.0,0.0,0.0,0.0,0.0,0.0,0.0,AAPL,41.86386109385194,0.0,0.0
2024-10-21 12:51:39+00:00,0.0,200.0,0.0,0.0,0.0,0.0,0.0,0.0,0.0,0.0,AAPL,-9.773442780748383,0.0,0.0
2024-10-21 12:51:41+00:00,181.0,-246.0,790.0,0.0,0.0,0.0,0.0,0.0,0.0,0.0,AAPL,-145.81742023943124,181.0,0.0
2024-10-21 12:51:44+00:00,0.0,200.0,10.0,0.0,0.0,0.0,0.0,0.0,0.0,0.0,AAPL,-12.866283542329784,0.0,0.0
2024-10-21 12:51:45+00:00,-28.0,-200.0,190.0,0.0,0.0,0.0,0.0,0.0,0.0,0.0,AAPL,35.79852120644511,-28.0,0.0
2024-10-21 12:51:47+00:00,0.0,200.0,527.0,0.0,0.0,0.0,0.0,0.0,0.0,0.0,AAPL,-172.76615091608784,0.0,0.0
2024-10-21 12:51:48+00:00,0.0,0.0,200.0,0.0,0.0,0.0,0.0,0.0,0.0,0.0,AAPL,-19.992954137775943,0.0,0.0
2024-10-21 12:51:49+00:00,-1.0,0.0,0.0,0.0,0.0,0.0,0.0,0.0,0.0,0.0,AAPL,41.901765761996195,-1.0,0.0
2024-10-21 12:51:53+00:00,-71.0,190.0,-200.0,-1207.0,-1.0,-1000.0,-505.0,-10.0,-224.0,-15.0,AAPL,1256.955125951278,-71.0,0.0
2024-10-21 12:51:55+00:00,0.0,0.0,0.0,0.0,0.0,0.0,0.0,0.0,0.0,0.0,AAPL,41.86386109385194,0.0,0.0
2024-10-21 12:51:57+00:00,0.0,0.0,20.0,1207.0,1.0,1000.0,505.0,10.0,224.0,15.0,AAPL,-1163.9204772977373,0.0,0.0
2024-10-21 12:52:00+00:00,0.0,0.0,0.0,0.0,0.0,0.0,0.0,0.0,0.0,0.0,AAPL,41.86386109385194,0.0,0.0
2024-10-21 12:52:06+00:00,0.0,200.0,0.0,0.0,0.0,0.0,0.0,0.0,0.0,0.0,AAPL,-9.773442780748383,0.0,0.0
2024-10-21 12:52:14+00:00,0.0,200.0,0.0,0.0,0.0,0.0,0.0,0.0,0.0,0.0,AAPL,-9.773442780748383,0.0,0.0
2024-10-21 12:52:18+00:00,0.0,-200.0,180.0,-807.0,-1.0,-1000.0,-505.0,-10.0,-224.0,-15.0,AAPL,1034.8799000253002,0.0,0.0
2024-10-21 12:52:20+00:00,4.0,-97.0,200.0,127.0,100.0,400.0,1.0,100.0,500.0,105.0,AAPL,-433.84336596872595,4.0,0.0
2024-10-21 12:52:21+00:00,0.0,200.0,420.0,1207.0,1.0,1000.0,505.0,10.0,224.0,15.0,AAPL,-1339.2714116355928,0.0,0.0
2024-10-21 12:52:28+00:00,-30.0,22.0,107.0,303.0,327.0,227.0,500.0,421.0,101.0,600.0,AAPL,-767.0542590007334,-30.0,0.0
2024-10-21 12:52:29+00:00,0.0,0.0,0.0,0.0,200.0,0.0,0.0,0.0,0.0,0.0,AAPL,-43.67402445605773,0.0,0.0
2024-10-21 12:52:32+00:00,7.0,-200.0,180.0,0.0,-200.0,-127.0,-100.0,-400.0,-1.0,-100.0,AAPL,324.15172586100147,7.0,0.0
2024-10-21 12:52:40+00:00,0.0,0.0,0.0,0.0,0.0,0.0,0.0,0.0,0.0,0.0,AAPL,41.86386109385194,0.0,0.0
2024-10-21 12:52:52+00:00,16.0,28.0,0.0,8.0,-127.0,-100.0,-400.0,-1.0,-100.0,-500.0,AAPL,356.0311834027679,16.0,0.0
2024-10-21 12:52:54+00:00,73.0,-28.0,-200.0,-127.0,-100.0,-400.0,-1.0,-100.0,-500.0,-105.0,AAPL,546.9257436309467,73.0,0.0
2024-10-21 12:52:57+00:00,-663.0,-238.0,-227.0,-500.0,-401.0,-101.0,-600.0,-605.0,-168.0,-123.0,AAPL,1045.1209211206271,-663.0,0.0
2024-10-21 12:52:59+00:00,600.0,127.0,100.0,400.0,1.0,100.0,500.0,105.0,63.0,60.0,AAPL,-473.1501707387856,600.0,0.0
2024-10-21 12:53:00+00:00,0.0,0.0,2.0,100.0,400.0,1.0,100.0,500.0,105.0,63.0,AAPL,-376.67195983702635,0.0,0.0
2024-10-21 12:53:02+00:00,400.0,0.0,0.0,0.0,0.0,0.0,0.0,0.0,0.0,0.0,AAPL,26.701993836147164,400.0,0.0
2024-10-21 12:53:11+00:00,-400.0,0.0,0.0,0.0,0.0,0.0,0.0,0.0,0.0,0.0,AAPL,57.02572835155673,-400.0,0.0
2024-10-21 12:53:26+00:00,99.0,400.0,127.0,2.0,100.0,400.0,1.0,100.0,500.0,105.0,AAPL,-479.88877572904545,99.0,0.0
2024-10-21 12:53:28+00:00,0.0,200.0,0.0,0.0,0.0,0.0,0.0,0.0,0.0,0.0,AAPL,-9.773442780748383,0.0,0.0
2024-10-21 12:53:35+00:00,0.0,-200.0,0.0,0.0,0.0,0.0,0.0,0.0,0.0,0.0,AAPL,93.50116496845224,0.0,0.0
2024-10-21 12:53:38+00:00,0.0,0.0,200.0,0.0,0.0,0.0,0.0,0.0,0.0,0.0,AAPL,-19.992954137775943,0.0,0.0
2024-10-21 12:53:42+00:00,0.0,0.0,-200.0,0.0,0.0,0.0,0.0,0.0,0.0,0.0,AAPL,103.72067632547981,0.0,0.0
2024-10-21 12:53:43+00:00,8.0,99.0,200.0,127.0,2.0,100.0,400.0,1.0,100.0,500.0,AAPL,-382.75871395863254,8.0,0.0
2024-10-21 12:53:58+00:00,0.0,0.0,200.0,0.0,0.0,0.0,0.0,0.0,0.0,0.0,AAPL,-19.992954137775943,0.0,0.0
2024-10-21 12:54:00+00:00,0.0,0.0,-200.0,0.0,-2.0,-100.0,-400.0,-1.0,-100.0,-500.0,AAPL,376.3134931605166,0.0,0.0
2024-10-21 12:54:01+00:00,0.0,0.0,600.0,0.0,0.0,0.0,0.0,0.0,0.0,0.0,AAPL,-143.70658460103172,0.0,0.0
2024-10-21 12:54:05+00:00,1.0,0.0,0.0,0.0,0.0,0.0,0.0,0.0,0.0,0.0,AAPL,41.825956425707666,1.0,0.0
2024-10-21 12:54:15+00:00,0.0,0.0,0.0,0.0,0.0,0.0,0.0,0.0,0.0,0.0,AAPL,41.86386109385194,0.0,0.0
2024-10-21 12:54:23+00:00,92.0,-99.0,-200.0,-127.0,-100.0,-400.0,-1.0,-100.0,-500.0,-105.0,AAPL,564.5367978116889,92.0,0.0
2024-10-21 12:54:28+00:00,0.0,200.0,0.0,0.0,0.0,0.0,0.0,0.0,0.0,0.0,AAPL,-9.773442780748383,0.0,0.0
2024-10-21 12:54:33+00:00,81.0,110.0,220.0,527.0,1307.0,401.0,1001.0,605.0,530.0,329.0,AAPL,-1661.8267524041507,81.0,0.0
2024-10-21 12:54:41+00:00,43.0,70.0,299.0,420.0,127.0,100.0,400.0,1.0,100.0,500.0,AAPL,-609.0452575757444,43.0,0.0
2024-10-21 12:54:42+00:00,0.0,-200.0,0.0,-400.0,-127.0,-100.0,-400.0,-1.0,-100.0,-500.0,AAPL,622.1039483752961,0.0,0.0
2024-10-21 12:54:55+00:00,443.0,31.0,-226.0,-227.0,-500.0,-401.0,-101.0,-600.0,-605.0,-168.0,AAPL,943.6266505332362,443.0,0.0
2024-10-21 12:54:57+00:00,25.0,400.0,127.0,100.0,400.0,1.0,100.0,500.0,105.0,63.0,AAPL,-519.554693809601,25.0,0.0
2024-10-21 12:54:58+00:00,0.0,400.0,11.0,0.0,0.0,0.0,0.0,0.0,0.0,0.0,AAPL,-64.81287149308824,0.0,0.0
2024-10-21 12:55:04+00:00,0.0,-400.0,189.0,0.0,0.0,0.0,0.0,0.0,0.0,0.0,AAPL,86.68377844916422,0.0,0.0
2024-10-21 12:55:05+00:00,-400.0,-400.0,-127.0,-100.0,-400.0,-1.0,-100.0,-500.0,-105.0,-63.0,AAPL,617.496666551403,-400.0,0.0
2024-10-21 12:55:07+00:00,115.0,-22.0,-220.0,-1227.0,-1208.0,-1001.0,-1505.0,-535.0,-254.0,-239.0,AAPL,2289.0491995575926,115.0,0.0
2024-10-21 12:55:09+00:00,400.0,25.0,127.0,100.0,400.0,1.0,100.0,500.0,105.0,63.0,AAPL,-436.94899959882355,400.0,0.0
2024-10-21 12:55:12+00:00,400.0,0.0,200.0,0.0,0.0,0.0,0.0,0.0,0.0,0.0,AAPL,-35.15482139548072,400.0,0.0
2024-10-21 12:55:13+00:00,0.0,200.0,20.0,1207.0,1.0,1000.0,505.0,30.0,224.0,15.0,AAPL,-1220.767812166261,0.0,0.0
2024-10-21 12:55:15+00:00,0.0,0.0,-20.0,-1207.0,-1.0,-1000.0,-505.0,-30.0,-224.0,-15.0,AAPL,1252.858230479364,0.0,0.0
2024-10-21 12:55:16+00:00,400.0,0.0,0.0,0.0,0.0,0.0,0.0,0.0,0.0,0.0,AAPL,26.701993836147164,400.0,0.0
2024-10-21 12:55:17+00:00,0.0,-200.0,200.0,0.0,0.0,0.0,0.0,0.0,0.0,0.0,AAPL,31.644349736824374,0.0,0.0
2024-10-21 12:55:20+00:00,0.0,200.0,20.0,1207.0,1.0,1000.0,505.0,30.0,224.0,15.0,AAPL,-1220.767812166261,0.0,0.0
2024-10-21 12:55:22+00:00,400.0,0.0,0.0,0.0,0.0,0.0,0.0,0.0,0.0,0.0,AAPL,26.701993836147164,400.0,0.0
2024-10-21 12:55:23+00:00,400.0,175.0,0.0,0.0,0.0,0.0,0.0,0.0,0.0,0.0,AAPL,-18.48064705412812,400.0,0.0
2024-10-21 12:55:24+00:00,0.0,200.0,0.0,0.0,0.0,0.0,0.0,0.0,0.0,0.0,AAPL,-9.773442780748383,0.0,0.0
2024-10-21 12:55:26+00:00,0.0,-200.0,0.0,0.0,0.0,0.0,0.0,0.0,0.0,0.0,AAPL,93.50116496845224,0.0,0.0
2024-10-21 12:55:37+00:00,0.0,-200.0,-127.0,-100.0,-400.0,-1.0,-100.0,-500.0,-105.0,-63.0,AAPL,550.6974954190979,0.0,0.0
2024-10-21 12:55:42+00:00,0.0,-200.0,0.0,0.0,0.0,0.0,0.0,0.0,0.0,0.0,AAPL,93.50116496845224,0.0,0.0
2024-10-21 12:55:43+00:00,0.0,400.0,127.0,100.0,400.0,1.0,100.0,500.0,105.0,63.0,AAPL,-518.6070771059943,0.0,0.0
2024-10-21 12:55:44+00:00,0.0,200.0,0.0,0.0,0.0,0.0,0.0,0.0,0.0,0.0,AAPL,-9.773442780748383,0.0,0.0
2024-10-21 12:55:49+00:00,4.0,123.0,200.0,127.0,100.0,400.0,1.0,100.0,500.0,105.0,AAPL,-490.6444002307863,4.0,0.0
2024-10-21 12:55:51+00:00,-25.0,0.0,0.0,0.0,0.0,0.0,0.0,0.0,0.0,0.0,AAPL,42.81147779745849,-25.0,0.0
2024-10-21 12:56:02+00:00,0.0,0.0,-200.0,0.0,0.0,0.0,0.0,0.0,0.0,0.0,AAPL,103.72067632547981,0.0,0.0
2024-10-21 12:56:03+00:00,0.0,0.0,400.0,0.0,0.0,0.0,0.0,0.0,0.0,0.0,AAPL,-81.84976936940383,0.0,0.0
2024-10-21 12:56:07+00:00,0.0,200.0,0.0,0.0,0.0,0.0,0.0,0.0,0.0,0.0,AAPL,-9.773442780748383,0.0,0.0
2024-10-21 12:56:08+00:00,0.0,0.0,0.0,0.0,0.0,0.0,0.0,0.0,0.0,0.0,AAPL,41.86386109385194,0.0,0.0
2024-10-21 12:56:09+00:00,0.0,200.0,0.0,0.0,0.0,0.0,0.0,0.0,0.0,0.0,AAPL,-9.773442780748383,0.0,0.0
2024-10-21 12:56:22+00:00,-21.0,-98.0,-200.0,-127.0,-100.0,-400.0,-1.0,-100.0,-500.0,-105.0,AAPL,568.5618387926174,-21.0,0.0
2024-10-21 12:56:28+00:00,0.0,0.0,0.0,0.0,0.0,0.0,0.0,0.0,0.0,0.0,AAPL,41.86386109385194,0.0,0.0
2024-10-21 12:56:29+00:00,0.0,200.0,0.0,0.0,0.0,0.0,0.0,0.0,0.0,0.0,AAPL,-9.773442780748383,0.0,0.0
2024-10-21 12:56:43+00:00,0.0,0.0,0.0,0.0,0.0,0.0,0.0,0.0,0.0,0.0,AAPL,41.86386109385194,0.0,0.0
2024-10-21 12:56:49+00:00,-10.0,-180.0,380.0,0.0,0.0,0.0,0.0,0.0,0.0,0.0,AAPL,-28.81146767765814,-10.0,0.0
2024-10-21 12:56:52+00:00,0.0,0.0,-200.0,0.0,0.0,0.0,0.0,0.0,0.0,0.0,AAPL,103.72067632547981,0.0,0.0
2024-10-21 12:56:53+00:00,0.0,0.0,200.0,0.0,0.0,0.0,0.0,0.0,0.0,0.0,AAPL,-19.992954137775943,0.0,0.0
2024-10-21 12:56:54+00:00,0.0,0.0,200.0,0.0,0.0,0.0,0.0,0.0,0.0,0.0,AAPL,-19.992954137775943,0.0,0.0
2024-10-21 12:56:55+00:00,14.0,100.0,200.0,127.0,100.0,400.0,1.0,100.0,500.0,105.0,AAPL,-485.0851569666497,14.0,0.0
2024-10-21 12:56:56+00:00,0.0,0.0,-200.0,0.0,0.0,0.0,0.0,0.0,0.0,0.0,AAPL,103.72067632547981,0.0,0.0
2024-10-21 12:56:57+00:00,0.0,0.0,0.0,0.0,0.0,0.0,0.0,0.0,0.0,0.0,AAPL,41.86386109385194,0.0,0.0
2024-10-21 12:57:02+00:00,3.0,0.0,0.0,0.0,0.0,0.0,0.0,0.0,0.0,0.0,AAPL,41.75014708941915,3.0,0.0
2024-10-21 12:57:07+00:00,0.0,0.0,0.0,0.0,0.0,0.0,0.0,0.0,0.0,0.0,AAPL,41.86386109385194,0.0,0.0
2024-10-21 12:57:11+00:00,0.0,0.0,0.0,0.0,0.0,0.0,0.0,0.0,0.0,0.0,AAPL,41.86386109385194,0.0,0.0
2024-10-21 12:57:18+00:00,0.0,0.0,0.0,0.0,0.0,0.0,0.0,0.0,0.0,0.0,AAPL,41.86386109385194,0.0,0.0
2024-10-21 12:57:28+00:00,0.0,0.0,0.0,-1207.0,-1.0,-1000.0,-505.0,-30.0,-224.0,-15.0,AAPL,1246.6725489562011,0.0,0.0
2024-10-21 12:57:30+00:00,0.0,0.0,-200.0,200.0,1.0,1000.0,505.0,30.0,224.0,15.0,AAPL,-591.1714374872824,0.0,0.0
2024-10-21 12:57:31+00:00,0.0,0.0,200.0,1207.0,0.0,0.0,0.0,0.0,0.0,0.0,AAPL,-631.1839222389201,0.0,0.0
2024-10-21 12:57:32+00:00,0.0,0.0,200.0,0.0,0.0,0.0,0.0,0.0,0.0,0.0,AAPL,-19.992954137775943,0.0,0.0
2024-10-21 12:57:34+00:00,0.0,0.0,-200.0,0.0,0.0,0.0,0.0,0.0,0.0,0.0,AAPL,103.72067632547981,0.0,0.0
2024-10-21 12:57:35+00:00,0.0,0.0,200.0,0.0,0.0,0.0,0.0,0.0,0.0,0.0,AAPL,-19.992954137775943,0.0,0.0
2024-10-21 12:57:36+00:00,22.0,14.0,-180.0,200.0,1207.0,1.0,1000.0,505.0,30.0,224.0,AAPL,-971.0735610714644,22.0,0.0
2024-10-21 12:57:37+00:00,0.0,0.0,0.0,200.0,0.0,0.0,0.0,0.0,0.0,0.0,AAPL,-59.41053295770465,0.0,0.0
2024-10-21 12:57:43+00:00,0.0,0.0,200.0,-180.0,0.0,0.0,0.0,0.0,0.0,0.0,AAPL,71.15400050862499,0.0,0.0
2024-10-21 12:57:48+00:00,0.0,0.0,-200.0,380.0,0.0,0.0,0.0,0.0,0.0,0.0,AAPL,-88.7006723724777,0.0,0.0
2024-10-21 12:58:02+00:00,8.0,93.0,498.0,220.0,127.0,100.0,400.0,1.0,100.0,500.0,AAPL,-573.9300212401877,8.0,0.0
2024-10-21 12:58:03+00:00,0.0,0.0,400.0,0.0,0.0,0.0,0.0,0.0,0.0,0.0,AAPL,-81.84976936940383,0.0,0.0
2024-10-21 12:58:04+00:00,0.0,98.0,14.0,400.0,20.0,1207.0,1.0,1000.0,505.0,30.0,AAPL,-1068.6467774969994,0.0,0.0
2024-10-21 12:58:07+00:00,0.0,-200.0,0.0,0.0,0.0,0.0,0.0,0.0,0.0,0.0,AAPL,93.50116496845224,0.0,0.0
2024-10-21 12:58:10+00:00,574.0,-9.0,-34.0,-1856.0,-2455.0,-3213.0,-1937.0,-1860.0,-374.0,-983.0,AAPL,4574.1521329031475,574.0,0.0
2024-10-21 12:58:11+00:00,0.0,-200.0,273.0,1207.0,1.0,505.0,30.0,224.0,15.0,1109.0,AAPL,-1098.289289370824,0.0,0.0
2024-10-21 12:58:13+00:00,0.0,400.0,20.0,0.0,0.0,0.0,0.0,0.0,0.0,0.0,AAPL,-67.5964281785115,0.0,0.0
2024-10-21 12:58:15+00:00,0.0,400.0,527.0,0.0,0.0,0.0,0.0,0.0,0.0,0.0,AAPL,-224.4034547906882,0.0,0.0
2024-10-21 12:58:16+00:00,0.0,200.0,0.0,0.0,0.0,0.0,0.0,0.0,0.0,0.0,AAPL,-9.773442780748383,0.0,0.0
2024-10-21 12:58:20+00:00,0.0,200.0,0.0,0.0,0.0,0.0,0.0,0.0,0.0,0.0,AAPL,-9.773442780748383,0.0,0.0
2024-10-21 12:58:25+00:00,100.0,14.0,200.0,20.0,1207.0,1.0,505.0,30.0,224.0,15.0,AAPL,-753.5977983652015,100.0,0.0
2024-10-21 12:58:38+00:00,200.0,5.0,200.0,0.0,0.0,0.0,0.0,0.0,0.0,0.0,AAPL,-28.864820363493337,200.0,0.0
2024-10-21 12:58:39+00:00,0.0,100.0,200.0,129.0,227.0,500.0,401.0,101.0,600.0,605.0,AAPL,-811.6212308568761,0.0,0.0
2024-10-21 12:58:44+00:00,0.0,0.0,0.0,0.0,0.0,0.0,0.0,0.0,0.0,0.0,AAPL,41.86386109385194,0.0,0.0
2024-10-21 12:58:53+00:00,0.0,0.0,200.0,0.0,0.0,0.0,0.0,0.0,0.0,0.0,AAPL,-19.992954137775943,0.0,0.0
2024-10-21 12:58:54+00:00,0.0,-5.0,5.0,400.0,20.0,1207.0,1.0,505.0,30.0,224.0,AAPL,-829.9606219749551,0.0,0.0
2024-10-21 12:58:56+00:00,0.0,-100.0,0.0,-402.0,-147.0,-1307.0,-401.0,-506.0,-130.0,-724.0,AAPL,1266.3182475602791,0.0,0.0
2024-10-21 12:58:57+00:00,100.0,87.0,100.0,600.0,147.0,1307.0,401.0,506.0,130.0,724.0,AAPL,-1314.2146251620075,100.0,0.0
2024-10-21 12:58:59+00:00,-2.0,0.0,0.0,0.0,0.0,0.0,0.0,0.0,0.0,0.0,AAPL,41.93967043014046,-2.0,0.0
2024-10-21 12:59:00+00:00,0.0,0.0,0.0,0.0,0.0,2.0,100.0,400.0,1.0,100.0,AAPL,-109.96870870101196,0.0,0.0
2024-10-21 12:59:01+00:00,0.0,0.0,0.0,200.0,0.0,0.0,0.0,0.0,0.0,0.0,AAPL,-59.41053295770465,0.0,0.0
2024-10-21 12:59:02+00:00,100.0,0.0,0.0,400.0,0.0,0.0,0.0,0.0,0.0,0.0,AAPL,-164.47539382368743,100.0,0.0
2024-10-21 12:59:18+00:00,0.0,5.0,-5.0,-400.0,-20.0,-1207.0,-1.0,-505.0,-30.0,-224.0,AAPL,913.6883441626586,0.0,0.0
2024-10-21 12:59:29+00:00,100.0,2.0,-113.0,0.0,0.0,0.0,0.0,0.0,0.0,0.0,AAPL,72.5061218465495,100.0,0.0
2024-10-21 12:59:34+00:00,0.0,0.0,-200.0,0.0,0.0,0.0,0.0,0.0,0.0,0.0,AAPL,103.72067632547981,0.0,0.0
2024-10-21 12:59:41+00:00,0.0,0.0,200.0,-400.0,-127.0,-2.0,-100.0,-400.0,-1.0,-100.0,AAPL,388.70496108439374,0.0,0.0
2024-10-21 12:59:58+00:00,0.0,0.0,0.0,200.0,127.0,2.0,100.0,400.0,1.0,100.0,AAPL,-265.5596600767613,0.0,0.0
2024-10-21 13:00:00+00:00,0.0,0.0,0.0,0.0,0.0,0.0,0.0,0.0,0.0,0.0,AAPL,41.86386109385194,0.0,0.0
2024-10-21 13:00:02+00:00,0.0,0.0,-200.0,0.0,0.0,0.0,0.0,0.0,0.0,0.0,AAPL,103.72067632547981,0.0,0.0
2024-10-21 13:00:04+00:00,0.0,0.0,200.0,0.0,0.0,0.0,0.0,0.0,0.0,0.0,AAPL,-19.992954137775943,0.0,0.0
2024-10-21 13:00:05+00:00,0.0,0.0,0.0,200.0,0.0,0.0,0.0,0.0,0.0,0.0,AAPL,-59.41053295770465,0.0,0.0
2024-10-21 13:00:07+00:00,0.0,0.0,400.0,0.0,0.0,0.0,0.0,0.0,0.0,0.0,AAPL,-81.84976936940383,0.0,0.0
2024-10-21 13:00:08+00:00,0.0,0.0,400.0,0.0,0.0,0.0,0.0,0.0,0.0,0.0,AAPL,-81.84976936940383,0.0,0.0
2024-10-21 13:00:12+00:00,0.0,0.0,0.0,-20.0,-1207.0,-1.0,-505.0,-30.0,-224.0,-15.0,AAPL,768.0636272356295,0.0,0.0
2024-10-21 13:00:21+00:00,0.0,0.0,100.0,0.0,0.0,0.0,0.0,0.0,0.0,0.0,AAPL,10.935453478038001,0.0,0.0
2024-10-21 13:00:22+00:00,0.0,84.0,102.0,87.0,200.0,127.0,2.0,100.0,400.0,1.0,AAPL,-318.8448300079798,0.0,0.0
2024-10-21 13:00:23+00:00,0.0,0.0,800.0,20.0,1207.0,1.0,505.0,30.0,224.0,15.0,AAPL,-931.7631659744369,0.0,0.0
2024-10-21 13:00:24+00:00,-2.0,0.0,0.0,0.0,0.0,0.0,0.0,0.0,0.0,0.0,AAPL,41.93967043014046,-2.0,0.0
2024-10-21 13:00:32+00:00,0.0,0.0,0.0,0.0,0.0,0.0,0.0,0.0,0.0,0.0,AAPL,41.86386109385194,0.0,0.0
2024-10-21 13:00:37+00:00,100.0,200.0,-300.0,-87.0,-200.0,-127.0,-2.0,-100.0,-400.0,-1.0,AAPL,386.69536095863657,100.0,0.0
2024-10-21 13:00:39+00:00,-2.0,0.0,0.0,0.0,0.0,0.0,0.0,0.0,0.0,0.0,AAPL,41.93967043014046,-2.0,0.0
2024-10-21 13:00:41+00:00,0.0,0.0,0.0,0.0,0.0,0.0,0.0,0.0,0.0,0.0,AAPL,41.86386109385194,0.0,0.0
2024-10-21 13:00:47+00:00,-99.0,203.0,-116.0,67.0,-1207.0,-1.0,-505.0,-30.0,-224.0,-15.0,AAPL,711.2269173711088,-99.0,0.0
2024-10-21 13:00:48+00:00,16.0,200.0,84.0,84.0,200.0,127.0,2.0,215.0,500.0,16.0,AAPL,-400.61673441396437,16.0,0.0
2024-10-21 13:00:49+00:00,0.0,-200.0,380.0,200.0,84.0,0.0,0.0,0.0,0.0,0.0,AAPL,-161.22708995415945,0.0,0.0
2024-10-21 13:00:54+00:00,0.0,200.0,20.0,0.0,0.0,0.0,0.0,0.0,0.0,0.0,AAPL,-15.959124303911173,0.0,0.0
2024-10-21 13:00:59+00:00,-200.0,0.0,0.0,-200.0,-84.0,-127.0,-2.0,-100.0,-400.0,-1.0,AAPL,364.5269014492554,-200.0,0.0
2024-10-21 13:01:00+00:00,0.0,0.0,0.0,0.0,0.0,-2.0,-100.0,-400.0,-1.0,-100.0,AAPL,193.69643088871584,0.0,0.0
2024-10-21 13:01:02+00:00,200.0,200.0,-200.0,0.0,0.0,0.0,0.0,0.0,0.0,0.0,AAPL,44.5024388220271,200.0,0.0
2024-10-21 13:01:05+00:00,119.0,84.0,0.0,0.0,0.0,0.0,0.0,0.0,0.0,0.0,AAPL,15.665537957352639,119.0,0.0
2024-10-21 13:01:06+00:00,23.0,262.0,445.0,-1039.0,567.0,22.0,197.0,385.0,301.0,86.0,AAPL,-134.7702021876438,23.0,0.0
2024-10-21 13:01:07+00:00,0.0,0.0,400.0,0.0,0.0,200.0,0.0,0.0,0.0,0.0,AAPL,-160.5962844626048,0.0,0.0
2024-10-21 13:01:08+00:00,0.0,0.0,0.0,0.0,-200.0,-200.0,-127.0,-100.0,-400.0,-1.0,AAPL,366.68863499933366,0.0,0.0
2024-10-21 13:01:10+00:00,0.0,0.0,0.0,0.0,0.0,0.0,0.0,0.0,0.0,0.0,AAPL,41.86386109385194,0.0,0.0
2024-10-21 13:01:13+00:00,81.0,104.0,-319.0,181.0,84.0,368.0,127.0,100.0,400.0,1.0,AAPL,-322.4093943276606,81.0,0.0
2024-10-21 13:01:14+00:00,-81.0,281.0,604.0,181.0,81.0,84.0,200.0,127.0,100.0,400.0,AAPL,-566.2591155566711,-81.0,0.0
2024-10-21 13:01:15+00:00,0.0,-100.0,0.0,0.0,0.0,0.0,0.0,0.0,0.0,0.0,AAPL,67.68251303115208,0.0,0.0
2024-10-21 13:01:22+00:00,0.0,0.0,200.0,1207.0,1.0,505.0,230.0,115.0,100.0,15.0,AAPL,-948.8477866956692,0.0,0.0
2024-10-21 13:01:24+00:00,0.0,0.0,0.0,0.0,0.0,0.0,0.0,0.0,0.0,0.0,AAPL,41.86386109385194,0.0,0.0
2024-10-21 13:01:31+00:00,0.0,0.0,0.0,0.0,0.0,-84.0,-200.0,-127.0,-100.0,-400.0,AAPL,267.40295165635837,0.0,0.0
2024-10-21 13:01:36+00:00,0.0,0.0,-200.0,-1207.0,-1.0,-505.0,-30.0,-115.0,-100.0,-15.0,AAPL,980.3153335193391,0.0,0.0
2024-10-21 13:01:38+00:00,0.0,0.0,0.0,0.0,0.0,0.0,0.0,0.0,0.0,0.0,AAPL,41.86386109385194,0.0,0.0
2024-10-21 13:01:41+00:00,0.0,0.0,200.0,0.0,0.0,200.0,0.0,0.0,0.0,0.0,AAPL,-98.739469230977,0.0,0.0
2024-10-21 13:01:43+00:00,-84.0,181.0,281.0,4.0,81.0,81.0,200.0,127.0,100.0,400.0,AAPL,-349.61895655383347,-84.0,0.0
2024-10-21 13:01:45+00:00,-19.0,-420.0,-1607.0,-1.0,-505.0,-30.0,-115.0,-100.0,-15.0,-109.0,AAPL,958.5376232628238,-19.0,0.0
2024-10-21 13:01:46+00:00,0.0,0.0,200.0,1.0,505.0,30.0,115.0,100.0,15.0,109.0,AAPL,-330.48867908921625,0.0,0.0
2024-10-21 13:01:53+00:00,-108.0,216.0,281.0,81.0,4.0,81.0,0.0,0.0,0.0,0.0,AAPL,-171.33877424619837,-108.0,0.0
2024-10-21 13:01:54+00:00,238.0,-3.0,232.0,97.0,162.0,85.0,0.0,0.0,0.0,0.0,AAPL,-190.0078333600939,238.0,0.0
2024-10-21 13:01:55+00:00,19.0,181.0,-394.0,21.0,-489.0,-508.0,-827.0,-628.0,-601.0,-1001.0,AAPL,1251.2075180923532,19.0,0.0
2024-10-21 13:01:56+00:00,0.0,0.0,200.0,0.0,0.0,0.0,0.0,0.0,0.0,0.0,AAPL,-19.992954137775943,0.0,0.0
2024-10-21 13:01:57+00:00,0.0,0.0,0.0,-200.0,0.0,0.0,0.0,0.0,0.0,0.0,AAPL,143.13825514540852,0.0,0.0
2024-10-21 13:01:58+00:00,0.0,0.0,0.0,200.0,0.0,0.0,0.0,0.0,0.0,0.0,AAPL,-59.41053295770465,0.0,0.0
2024-10-21 13:01:59+00:00,-100.0,0.0,0.0,0.0,0.0,0.0,0.0,0.0,0.0,0.0,AAPL,45.65432790827813,-100.0,0.0
2024-10-21 13:02:00+00:00,-657.0,-551.0,243.0,892.0,876.0,616.0,774.0,513.0,477.0,882.0,AAPL,-1571.9251408939033,-657.0,0.0
2024-10-21 13:02:01+00:00,-238.0,181.0,222.0,-370.0,-416.0,-508.0,-827.0,-628.0,-601.0,-1001.0,AAPL,1237.2001390370908,-238.0,0.0
2024-10-21 13:02:03+00:00,0.0,0.0,200.0,0.0,0.0,0.0,0.0,0.0,0.0,0.0,AAPL,-19.992954137775943,0.0,0.0
2024-10-21 13:02:04+00:00,-180.0,0.0,0.0,0.0,0.0,0.0,0.0,0.0,0.0,0.0,AAPL,48.6867013598191,-180.0,0.0
2024-10-21 13:02:05+00:00,-128.0,-541.0,-356.0,826.0,606.0,213.0,485.0,292.0,91.0,555.0,AAPL,-804.1682350115352,-128.0,0.0
2024-10-21 13:02:06+00:00,-100.0,200.0,0.0,200.0,-400.0,-15.0,-109.0,-10.0,-45.0,-110.0,AAPL,134.69280543077136,-100.0,0.0
2024-10-21 13:02:07+00:00,0.0,200.0,230.0,-85.0,100.0,15.0,109.0,10.0,45.0,110.0,AAPL,-151.51050994899458,0.0,0.0
2024-10-21 13:02:13+00:00,0.0,0.0,-400.0,0.0,-200.0,-127.0,-100.0,-400.0,-1.0,-100.0,AAPL,452.16451883513196,0.0,0.0
2024-10-21 13:02:14+00:00,-1.0,0.0,0.0,0.0,0.0,0.0,0.0,0.0,0.0,0.0,AAPL,41.901765761996195,-1.0,0.0
2024-10-21 13:02:16+00:00,0.0,-200.0,-30.0,85.0,-100.0,-15.0,-109.0,-10.0,-45.0,-110.0,AAPL,173.38141690507047,0.0,0.0
2024-10-21 13:02:17+00:00,-236.0,225.0,311.0,811.0,404.0,127.0,100.0,400.0,1.0,100.0,AAPL,-887.973290186203,-236.0,0.0
2024-10-21 13:02:19+00:00,1.0,0.0,0.0,0.0,0.0,0.0,0.0,0.0,0.0,0.0,AAPL,41.825956425707666,1.0,0.0
2024-10-21 13:02:20+00:00,82.0,347.0,0.0,-200.0,0.0,0.0,0.0,0.0,0.0,0.0,AAPL,50.43935013514749,82.0,0.0
2024-10-21 13:02:21+00:00,-200.0,0.0,-200.0,0.0,400.0,-112.0,9.0,-390.0,44.0,10.0,AAPL,70.40057623379666,-200.0,0.0
2024-10-21 13:02:22+00:00,6.0,0.0,200.0,0.0,400.0,127.0,100.0,400.0,1.0,100.0,AAPL,-392.34529497457544,6.0,0.0
2024-10-21 13:02:26+00:00,-387.0,270.0,508.0,-33.0,-379.0,586.0,508.0,306.0,455.0,291.0,AAPL,-609.2158283105576,-387.0,0.0
2024-10-21 13:02:27+00:00,-200.0,-100.0,0.0,-1.0,0.0,0.0,0.0,0.0,0.0,0.0,AAPL,75.76981863026226,-200.0,0.0
2024-10-21 13:02:29+00:00,100.0,0.0,0.0,0.0,0.0,200.0,0.0,0.0,0.0,0.0,AAPL,-40.67312081377529,100.0,0.0
2024-10-21 13:02:38+00:00,-79.0,829.0,471.0,256.0,886.0,344.0,239.0,-68.0,-210.0,-155.0,AAPL,-918.8027056006337,-79.0,0.0
2024-10-21 13:02:39+00:00,0.0,0.0,400.0,103.0,210.0,200.0,-1.0,-127.0,-100.0,-400.0,AAPL,-162.10069749041352,0.0,0.0
2024-10-21 13:02:41+00:00,304.0,-101.0,-483.0,-402.0,-129.0,-228.0,-627.0,-501.0,-501.0,-601.0,AAPL,1098.2560429878608,304.0,0.0
2024-10-21 13:02:42+00:00,0.0,500.0,400.0,201.0,127.0,100.0,400.0,1.0,100.0,500.0,AAPL,-638.7777903814494,0.0,0.0
2024-10-21 13:02:43+00:00,0.0,100.0,400.0,100.0,1.0,127.0,100.0,400.0,1.0,100.0,AAPL,-359.7824494883464,0.0,0.0
2024-10-21 13:02:44+00:00,0.0,-400.0,-400.0,-100.0,-1.0,-127.0,-100.0,-400.0,-1.0,-100.0,AAPL,520.9661274879508,0.0,0.0
2024-10-21 13:02:45+00:00,-99.0,200.0,15.0,400.0,109.0,10.0,45.0,110.0,100.0,55.0,AAPL,-340.70711616067103,-99.0,0.0
2024-10-21 13:02:54+00:00,-300.0,101.0,0.0,0.0,0.0,0.0,0.0,0.0,0.0,0.0,AAPL,27.158423080457368,-300.0,0.0
2024-10-21 13:02:57+00:00,2.0,100.0,401.0,100.0,1.0,127.0,100.0,400.0,1.0,100.0,AAPL,-360.1675429007931,2.0,0.0
2024-10-21 13:03:00+00:00,0.0,0.0,0.0,0.0,-109.0,-10.0,-45.0,-110.0,-100.0,-55.0,AAPL,169.36204737457123,0.0,0.0
2024-10-21 13:03:04+00:00,0.0,0.0,0.0,0.0,109.0,10.0,45.0,110.0,100.0,55.0,AAPL,-85.63432518686733,0.0,0.0
2024-10-21 13:03:05+00:00,0.0,-400.0,400.0,0.0,0.0,0.0,0.0,0.0,0.0,0.0,AAPL,21.424838379796817,0.0,0.0
2024-10-21 13:03:06+00:00,0.0,100.0,600.0,-199.0,0.0,0.0,0.0,0.0,0.0,0.0,AAPL,-68.75721445703309,0.0,0.0
2024-10-21 13:03:07+00:00,-3.0,2.0,100.0,400.0,100.0,0.0,0.0,0.0,0.0,0.0,AAPL,-234.7849364343432,-3.0,0.0
2024-10-21 13:03:08+00:00,0.0,0.0,-500.0,99.0,199.0,200.0,127.0,100.0,400.0,1.0,AAPL,-178.02201036033102,0.0,0.0
2024-10-21 13:03:10+00:00,1.0,0.0,100.0,-399.0,-100.0,-200.0,-127.0,-100.0,-400.0,-1.0,AAPL,494.995796073276,1.0,0.0
2024-10-21 13:03:12+00:00,-108.0,-102.0,-1.0,-301.0,-327.0,-227.0,-500.0,-401.0,-101.0,-600.0,AAPL,837.6608599349839,-108.0,0.0
2024-10-21 13:03:13+00:00,-88.0,-1.0,-200.0,-127.0,-100.0,-400.0,-1.0,-100.0,-500.0,-105.0,AAPL,546.0573591791019,-88.0,0.0
2024-10-21 13:03:14+00:00,128.0,87.0,201.0,327.0,227.0,500.0,401.0,101.0,600.0,605.0,AAPL,-913.6875378146915,128.0,0.0
2024-10-21 13:03:20+00:00,56.0,-86.0,199.0,-400.0,-236.0,-110.0,-445.0,-111.0,-200.0,-555.0,AAPL,656.4986788759445,56.0,0.0
2024-10-21 13:03:23+00:00,18.0,199.0,-200.0,-127.0,-100.0,-400.0,-1.0,-100.0,-500.0,-105.0,AAPL,490.4021604812097,18.0,0.0
2024-10-21 13:03:24+00:00,0.0,0.0,-200.0,200.0,109.0,10.0,45.0,110.0,100.0,55.0,AAPL,-125.05190400679605,0.0,0.0
2024-10-21 13:03:25+00:00,0.0,400.0,0.0,0.0,0.0,0.0,0.0,0.0,0.0,0.0,AAPL,-61.4107466553487,0.0,0.0
2024-10-21 13:03:36+00:00,0.0,0.0,0.0,0.0,0.0,0.0,0.0,0.0,0.0,0.0,AAPL,41.86386109385194,0.0,0.0
2024-10-21 13:03:40+00:00,0.0,0.0,0.0,0.0,0.0,0.0,0.0,0.0,0.0,0.0,AAPL,41.86386109385194,0.0,0.0
2024-10-21 13:03:41+00:00,0.0,200.0,0.0,0.0,0.0,0.0,0.0,0.0,0.0,0.0,AAPL,-9.773442780748383,0.0,0.0
2024-10-21 13:03:45+00:00,0.0,200.0,0.0,0.0,0.0,0.0,0.0,0.0,0.0,0.0,AAPL,-9.773442780748383,0.0,0.0
2024-10-21 13:03:48+00:00,46.0,0.0,0.0,200.0,0.0,0.0,0.0,0.0,0.0,0.0,AAPL,-61.15414769234069,46.0,0.0
2024-10-21 13:03:53+00:00,0.0,0.0,200.0,-200.0,-109.0,-10.0,-45.0,-110.0,-100.0,-55.0,AAPL,208.77962619449994,0.0,0.0
2024-10-21 13:03:58+00:00,1.0,1.0,100.0,215.0,109.0,10.0,45.0,110.0,100.0,55.0,AAPL,-225.72879759562187,1.0,0.0
2024-10-21 13:03:59+00:00,-8.0,-200.0,-127.0,100.0,-385.0,108.0,-90.0,-455.0,5.0,37.0,AAPL,337.79431457810165,-8.0,0.0
2024-10-21 13:04:00+00:00,-200.0,0.0,0.0,0.0,0.0,0.0,0.0,0.0,0.0,0.0,AAPL,49.44479472270432,-200.0,0.0
2024-10-21 13:04:02+00:00,20.0,400.0,127.0,100.0,400.0,1.0,100.0,500.0,105.0,63.0,AAPL,-519.3651704688796,20.0,0.0
2024-10-21 13:04:03+00:00,0.0,400.0,0.0,0.0,0.0,0.0,0.0,0.0,0.0,0.0,AAPL,-61.4107466553487,0.0,0.0
2024-10-21 13:04:07+00:00,0.0,200.0,0.0,0.0,0.0,0.0,0.0,0.0,0.0,0.0,AAPL,-9.773442780748383,0.0,0.0
2024-10-21 13:04:12+00:00,0.0,-200.0,0.0,0.0,0.0,0.0,0.0,0.0,0.0,0.0,AAPL,93.50116496845224,0.0,0.0
2024-10-21 13:04:13+00:00,0.0,400.0,0.0,0.0,0.0,0.0,0.0,0.0,0.0,0.0,AAPL,-61.4107466553487,0.0,0.0
2024-10-21 13:04:16+00:00,-7.0,-11.0,-100.0,-200.0,-15.0,-109.0,-10.0,-45.0,-110.0,-100.0,AAPL,289.10407128592897,-7.0,0.0
2024-10-21 13:04:17+00:00,0.0,-200.0,0.0,0.0,0.0,0.0,0.0,0.0,0.0,0.0,AAPL,93.50116496845224,0.0,0.0
2024-10-21 13:04:20+00:00,14.0,20.0,200.0,312.0,100.0,400.0,1.0,100.0,500.0,105.0,AAPL,-558.1090499144996,14.0,0.0
